id_plainte,date_signalement,statut,urgence,temps_resolution_jours,categorie,categorie_label_fr,sentiment_score,gouvernorat,delegation,zone_type,latitude,longitude,pct_vetuste_reseau_zone,langue,source,texte_plainte
PL-00049,2026-08-28,resolu,haute,8.0,coupure_non_signalee,Coupure non signalée,-0.63,Nabeul,Hammamet,mixte,36.46865,10.71406,27,fr,app_mobile,Deuxième coupure cette semaine à Hammamet sans préavis. C'est devenu insupportable pour les familles.
PL-00249,2026-08-26,nouveau,critique,,qualite_eau,Qualité de l'eau (goût/odeur/couleur),-0.79,Sfax,Sfax Médina,urbain,34.77226,10.79473,40,tn_latin,numero_vert,"El ma yji asfar w m3aker f Sfax Médina, ki fama moshkil fel قنوات."
PL-00139,2026-08-25,nouveau,haute,,qualite_eau,Qualité de l'eau (goût/odeur/couleur),-0.7,Sidi Bouzid,Regueb,rural,35.0345,9.50681,47,ar,reseaux_sociaux,الماء الذي يخرج من الصنبور في Regueb له رائحة كبريت وطعم سيء منذ أيام.
PL-00194,2026-08-24,resolu,moyenne,5.0,retard_intervention,Retard ou absence d'intervention technique,-0.4,Mahdia,Mahdia Ville,mixte,35.52795,11.06686,30,fr,reseaux_sociaux,"Plusieurs appels au numéro vert sans résultat, 2 jours sans intervention à Mahdia Ville."
PL-00021,2026-08-23,resolu,faible,7.0,facturation,Litige de facturation,-0.25,Kairouan,Sbikha,mixte,35.67864,10.07141,44,fr,numero_vert,Ma facture d'eau à Sbikha a doublé ce mois-ci sans explication alors que ma consommation n'a pas changé.
PL-00043,2026-08-23,resolu,moyenne,8.0,panne_pompage,Panne de pompage / coupure électrique liée,-0.47,Sfax,Thyna,urbain,34.72463,10.79833,40,fr,app_mobile,"Panne à la station de pompage de Thyna suite à une coupure STEG, plus d'eau depuis 5 jours."
PL-00175,2026-08-22,en_cours,haute,,coupure_non_signalee,Coupure non signalée,-0.67,Jendouba,Ghardimaou,rural,36.4677,8.74422,41,fr,app_mobile,Coupure d'eau depuis 5 jours à Ghardimaou sans aucune annonce de la SONEDE. On ne sait même pas quand ça reviendra.
PL-00247,2026-08-21,en_cours,moyenne,,pression_faible,Pression insuffisante,-0.26,Sfax,Thyna,urbain,34.69564,10.73257,40,ar,reseaux_sociaux,ضغط الماء ضعيف جدا في Thyna، خاصة في المساء، من الصعب ملء الخزانات.
PL-00281,2026-08-20,resolu,haute,1.0,qualite_eau,Qualité de l'eau (goût/odeur/couleur),-0.48,Sousse,Hammam Sousse,urbain,35.83525,10.59808,25,fr,reseaux_sociaux,L'eau qui sort du robinet à Hammam Sousse a une odeur de soufre et un goût désagréable depuis quelques jours.
PL-00284,2026-08-19,resolu,moyenne,5.0,retard_intervention,Retard ou absence d'intervention technique,-0.3,Gabès,El Hamma,mixte,33.8504,10.11911,38,tn_latin,app_mobile,3ayetlkom mel 5 jours w 7ata wa7ed ma ja y3addel el moshkil f El Hamma.
PL-00154,2026-08-18,resolu,critique,6.0,coupure_non_signalee,Coupure non signalée,-0.75,Tunis,El Menzah,urbain,36.77444,10.21654,30,fr,app_mobile,Coupure d'eau depuis 10 jours à El Menzah sans aucune annonce de la SONEDE. On ne sait même pas quand ça reviendra.
PL-00163,2026-08-13,resolu,haute,9.0,retard_intervention,Retard ou absence d'intervention technique,-0.68,Kasserine,Fériana,rural,35.20073,8.79342,50,tn_latin,numero_vert,3ayetlkom mel 3 jours w 7ata wa7ed ma ja y3addel el moshkil f Fériana.
PL-00285,2026-08-12,nouveau,faible,,felicitation,Retour positif / félicitation,0.72,Tunis,El Omrane,urbain,36.81297,10.19269,30,ar,numero_vert,شكرا للفريق الفني في El Omrane على سرعة التدخل هذه المرة.
PL-00119,2026-08-12,nouveau,moyenne,,qualite_eau,Qualité de l'eau (goût/odeur/couleur),-0.3,Ariana,Raoued,urbain,36.84875,10.17446,28,ar,agence_locale,ماء عكر وأصفر اللون هذا الصباح في Raoued، لا يمكن شربه أو الطبخ به.
PL-00218,2026-08-11,resolu,faible,14.0,felicitation,Retour positif / félicitation,0.63,Monastir,Monastir Ville,urbain,35.72692,10.80364,24,ar,reseaux_sociaux,شكرا للفريق الفني في Monastir Ville على سرعة التدخل هذه المرة.
PL-00078,2026-08-10,resolu,moyenne,6.0,pression_faible,Pression insuffisante,-0.39,Gafsa,Métlaoui,mixte,34.45618,8.78984,45,tn_latin,numero_vert,"Dghet el ma d3if barcha f Métlaoui, el twabe9 el fou9ania ma3andhomch ma."
PL-00182,2026-08-07,en_cours,faible,,retard_intervention,Retard ou absence d'intervention technique,-0.21,Gafsa,Métlaoui,mixte,34.4631,8.74791,45,tn_latin,app_mobile,3ayetlkom mel 48 heures w 7ata wa7ed ma ja y3addel el moshkil f Métlaoui.
PL-00173,2026-08-07,resolu,moyenne,7.0,retard_intervention,Retard ou absence d'intervention technique,-0.27,Gabès,Métouia,mixte,33.90957,10.10477,38,ar,app_mobile,بلغت عن المشكل منذ 5 jours وحتى الآن لا يوجد أي تدخل من الشركة في Métouia.
PL-00113,2026-08-02,en_cours,moyenne,,pression_faible,Pression insuffisante,-0.34,Gabès,El Hamma,mixte,33.91609,10.07326,38,tn_latin,app_mobile,"Dghet el ma d3if barcha f El Hamma, el twabe9 el fou9ania ma3andhomch ma."
PL-00320,2026-08-02,en_cours,moyenne,,retard_intervention,Retard ou absence d'intervention technique,-0.22,Ben Arous,Rades,urbain,36.76887,10.27104,35,ar,app_mobile,بلغت عن المشكل منذ une semaine وحتى الآن لا يوجد أي تدخل من الشركة في Rades.
PL-00013,2026-07-28,nouveau,haute,,fuite_visible,Fuite visible sur canalisation,-0.51,Ben Arous,Rades,urbain,36.73115,10.22674,35,tn_latin,app_mobile,"Kayen fuite kbira fel qanat el ra2isiya f Rades 3la khater 3 jours, hata 7ad ma ja."
PL-00125,2026-07-27,resolu,moyenne,6.0,retard_intervention,Retard ou absence d'intervention technique,-0.33,Tataouine,Ghomrassen,rural,32.97385,10.50003,48,tn_latin,numero_vert,3ayetlkom mel une semaine w 7ata wa7ed ma ja y3addel el moshkil f Ghomrassen.
PL-00023,2026-07-26,resolu,faible,11.0,fuite_visible,Fuite visible sur canalisation,0.04,Kasserine,Sbeitla,rural,35.18429,8.82187,50,tn_arabe,reseaux_sociaux,كاين فويت كبيرة في القناة الرئيسية في Sbeitla على خاطر 3 jours، حتى حد ما جا.
PL-00015,2026-07-26,resolu,moyenne,13.0,retard_intervention,Retard ou absence d'intervention technique,-0.36,Jendouba,Jendouba Nord,rural,36.45616,8.83023,41,tn_arabe,reseaux_sociaux,عيطتلكم من 3 jours وحتى واحد ما جا يعدل المشكل في Jendouba Nord.
PL-00095,2026-07-25,resolu,haute,5.0,panne_pompage,Panne de pompage / coupure électrique liée,-0.46,Ariana,Raoued,urbain,36.90946,10.20666,28,tn_latin,reseaux_sociaux,"Fama panne fel mahatta ta3 pompage f Raoued 3la khater el kahraba, ma famech ma mel 5 jours."
PL-00235,2026-07-24,en_cours,haute,,panne_pompage,Panne de pompage / coupure électrique liée,-0.63,Tozeur,Tozeur Ville,rural,33.87149,8.08391,46,fr,app_mobile,"La station de Tozeur Ville semble en panne, aucune eau ne circule dans le quartier depuis une semaine."
PL-00025,2026-07-24,nouveau,moyenne,,pression_faible,Pression insuffisante,-0.21,Tunis,El Menzah,urbain,36.85319,10.15941,30,ar,agence_locale,ضغط الماء ضعيف جدا في El Menzah، خاصة في المساء، من الصعب ملء الخزانات.
PL-00302,2026-07-24,nouveau,moyenne,,retard_intervention,Retard ou absence d'intervention technique,-0.4,Zaghouan,Nadhour,mixte,36.41593,10.14966,33,fr,app_mobile,J'ai signalé le problème il y a une semaine et toujours aucune intervention de la SONEDE à Nadhour.
PL-00152,2026-07-21,en_cours,haute,,coupure_non_signalee,Coupure non signalée,-0.64,Kasserine,Sbeitla,rural,35.1476,8.86931,50,tn_arabe,numero_vert,الماء مقطوع من البارح في Sbeitla وحتى واحد ما عوضناش عليكم، شنوة الحكاية؟
PL-00063,2026-07-19,en_cours,haute,,coupure_planifiee,Coupure annoncée / rationnement,-0.48,Sfax,Sakiet Ezzit,urbain,34.74037,10.76862,40,tn_latin,app_mobile,9alolna el ma ghadi yet9ata3 sa3tin bark f Sakiet Ezzit w 9ta3 nhar kamel!
PL-00106,2026-07-13,resolu,haute,10.0,qualite_eau,Qualité de l'eau (goût/odeur/couleur),-0.57,Ariana,Ariana Ville,urbain,36.82,10.20935,28,tn_latin,app_mobile,"El ma f Ariana Ville rihtou khayba w toumou ghrib, khayfin nchorbouh."
PL-00229,2026-07-13,nouveau,moyenne,,coupure_planifiee,Coupure annoncée / rationnement,-0.46,Jendouba,Fernana,rural,36.46994,8.78203,41,fr,app_mobile,La coupure programmée à Fernana dure bien plus longtemps que l'annonce initiale.
PL-00036,2026-07-11,en_cours,haute,,fuite_visible,Fuite visible sur canalisation,-0.71,Nabeul,Grombalia,mixte,36.49805,10.78567,27,tn_arabe,app_mobile,كاين فويت كبيرة في القناة الرئيسية في Grombalia على خاطر 2 jours، حتى حد ما جا.
PL-00160,2026-07-11,resolu,haute,7.0,panne_pompage,Panne de pompage / coupure électrique liée,-0.66,Médenine,Médenine Nord,mixte,33.34101,10.54992,42,ar,app_mobile,عطل في محطة الضخ في Médenine Nord بسبب انقطاع الكهرباء، لا ماء منذ 24 heures.
PL-00265,2026-07-11,resolu,haute,1.0,coupure_non_signalee,Coupure non signalée,-0.73,Ben Arous,Rades,urbain,36.70568,10.24989,35,fr,reseaux_sociaux,Coupure d'eau depuis 10 jours à Rades sans aucune annonce de la SONEDE. On ne sait même pas quand ça reviendra.
PL-00159,2026-07-10,en_cours,faible,,suggestion,Suggestion d'amélioration,-0.04,Sidi Bouzid,Menzel Bouzaiane,rural,35.07831,9.52542,47,tn_latin,app_mobile,Ya7sen ki tzidou capteurs f Menzel Bouzaiane bech na3rfou b sre3a fama fuite wela le.
PL-00215,2026-07-09,resolu,moyenne,4.0,fuite_visible,Fuite visible sur canalisation,-0.44,Médenine,Médenine Nord,mixte,33.33574,10.49525,42,tn_latin,app_mobile,"Kayen fuite kbira fel qanat el ra2isiya f Médenine Nord 3la khater 48 heures, hata 7ad ma ja."
PL-00246,2026-07-08,en_cours,faible,,facturation,Litige de facturation,-0.1,Médenine,Ben Guerdane,mixte,33.31977,10.53814,42,tn_latin,app_mobile,El factura ta3 el ma f Ben Guerdane tdha3fet had chahar bla ay tafsir.
PL-00056,2026-07-08,resolu,moyenne,8.0,felicitation,Retour positif / félicitation,0.56,Tunis,El Menzah,urbain,36.81173,10.14082,30,tn_arabe,app_mobile,بارك الله فيكم للفريق في El Menzah، جاو يصلحوا في وقتها هاد المرة.
PL-00114,2026-07-08,nouveau,moyenne,,retard_intervention,Retard ou absence d'intervention technique,-0.31,Kébili,Kébili Nord,rural,33.66252,9.01395,50,fr,reseaux_sociaux,J'ai signalé le problème il y a 10 jours et toujours aucune intervention de la SONEDE à Kébili Nord.
PL-00143,2026-07-03,nouveau,moyenne,,retard_intervention,Retard ou absence d'intervention technique,-0.46,Médenine,Djerba Houmt Souk,mixte,33.33497,10.52626,42,tn_arabe,app_mobile,عيطتلكم من 24 heures وحتى واحد ما جا يعدل المشكل في Djerba Houmt Souk.
PL-00118,2026-07-02,en_cours,haute,,coupure_non_signalee,Coupure non signalée,-0.5,Médenine,Djerba Houmt Souk,mixte,33.32641,10.49079,42,ar,reseaux_sociaux,لا توجد مياه في الصنبور منذ الصباح في Djerba Houmt Souk، Médenine. لا معلومات على الإطلاق.
PL-00064,2026-07-01,en_cours,haute,,qualite_eau,Qualité de l'eau (goût/odeur/couleur),-0.58,Tunis,El Omrane,urbain,36.82553,10.17718,30,tn_arabe,agence_locale,الماء يجي أصفر ومعكر في El Omrane، كيفما فما مشكل في القنوات.
PL-00079,2026-06-28,resolu,haute,10.0,retard_intervention,Retard ou absence d'intervention technique,-0.58,Gafsa,Gafsa Nord,mixte,34.39047,8.78242,45,ar,reseaux_sociaux,بلغت عن المشكل منذ 2 jours وحتى الآن لا يوجد أي تدخل من الشركة في Gafsa Nord.
PL-00059,2026-06-28,resolu,moyenne,14.0,coupure_non_signalee,Coupure non signalée,-0.26,Kasserine,Thala,rural,35.14096,8.86405,50,tn_latin,app_mobile,"3andi 3 ayem el ma me9tou3 f Thala, Kasserine, w ma7ad y3awedli."
PL-00034,2026-06-27,resolu,faible,8.0,fuite_visible,Fuite visible sur canalisation,-0.07,Nabeul,Nabeul Ville,mixte,36.44759,10.72069,27,fr,reseaux_sociaux,"Une fuite inonde la rue à Nabeul Ville, énorme gaspillage d'eau potable alors qu'on est en pénurie."
PL-00140,2026-06-27,nouveau,haute,,pression_faible,Pression insuffisante,-0.63,Zaghouan,Zaghouan Ville,mixte,36.37687,10.09923,33,ar,app_mobile,ضغط الماء ضعيف جدا في Zaghouan Ville، خاصة في المساء، من الصعب ملء الخزانات.
PL-00176,2026-06-25,resolu,faible,7.0,facturation,Litige de facturation,-0.18,Kébili,Kébili Nord,rural,33.75068,8.99767,50,tn_arabe,reseaux_sociaux,الفاتورة تاع الماء في Kébili Nord تضاعفت هاد الشهر بلا أي تفسير.
PL-00311,2026-06-24,nouveau,haute,,coupure_non_signalee,Coupure non signalée,-0.64,Sfax,Sakiet Ezzit,urbain,34.6962,10.78787,40,ar,agence_locale,انقطاع المياه منذ 10 jours في Sakiet Ezzit دون أي إعلان مسبق من الشركة.
PL-00280,2026-06-24,nouveau,moyenne,,pression_faible,Pression insuffisante,-0.38,Kairouan,Sbikha,mixte,35.72283,10.06796,44,ar,numero_vert,ضغط الماء ضعيف جدا في Sbikha، خاصة في المساء، من الصعب ملء الخزانات.
PL-00020,2026-06-22,en_cours,faible,,suggestion,Suggestion d'amélioration,-0.06,Kairouan,Kairouan Nord,mixte,35.69489,10.10176,44,fr,app_mobile,Il serait utile d'installer des compteurs intelligents à Kairouan Nord pour détecter les fuites plus vite.
PL-00065,2026-06-22,nouveau,haute,,retard_intervention,Retard ou absence d'intervention technique,-0.68,Tataouine,Tataouine Nord,rural,32.97076,10.47632,48,tn_arabe,app_mobile,عيطتلكم من 5 jours وحتى واحد ما جا يعدل المشكل في Tataouine Nord.
PL-00046,2026-06-21,resolu,moyenne,14.0,coupure_non_signalee,Coupure non signalée,-0.33,Tozeur,Nefta,rural,33.89245,8.10144,46,ar,app_mobile,لا توجد مياه في الصنبور منذ الصباح في Nefta، Tozeur. لا معلومات على الإطلاق.
PL-00256,2026-06-21,resolu,moyenne,6.0,coupure_planifiee,Coupure annoncée / rationnement,-0.25,Ben Arous,Rades,urbain,36.70861,10.18386,35,tn_latin,app_mobile,9alolna el ma ghadi yet9ata3 sa3tin bark f Rades w 9ta3 nhar kamel!
PL-00295,2026-06-20,en_cours,haute,,qualite_eau,Qualité de l'eau (goût/odeur/couleur),-0.52,Sidi Bouzid,Menzel Bouzaiane,rural,35.084,9.5197,47,ar,app_mobile,ماء عكر وأصفر اللون هذا الصباح في Menzel Bouzaiane، لا يمكن شربه أو الطبخ به.
PL-00189,2026-06-19,nouveau,haute,,coupure_non_signalee,Coupure non signalée,-0.5,Nabeul,Nabeul Ville,mixte,36.40737,10.70132,27,ar,app_mobile,لا توجد مياه في الصنبور منذ الصباح في Nabeul Ville، Nabeul. لا معلومات على الإطلاق.
PL-00066,2026-06-18,nouveau,moyenne,,pression_faible,Pression insuffisante,-0.28,Kairouan,Haffouz,mixte,35.69092,10.13664,44,ar,app_mobile,ضغط الماء ضعيف جدا في Haffouz، خاصة في المساء، من الصعب ملء الخزانات.
PL-00267,2026-06-18,en_cours,moyenne,,fuite_visible,Fuite visible sur canalisation,-0.26,Zaghouan,Nadhour,mixte,36.39231,10.15857,33,ar,agence_locale,تسرب مياه كبير وواضح في الأنبوب الرئيسي في Nadhour منذ 48 heures، لم يتدخل أحد بعد.
PL-00262,2026-06-17,resolu,haute,14.0,coupure_planifiee,Coupure annoncée / rationnement,-0.65,Tataouine,Tataouine Nord,rural,32.89117,10.4364,48,tn_latin,reseaux_sociaux,9alolna el ma ghadi yet9ata3 sa3tin bark f Tataouine Nord w 9ta3 nhar kamel!
PL-00171,2026-06-16,nouveau,moyenne,,fuite_visible,Fuite visible sur canalisation,-0.41,Ariana,Raoued,urbain,36.86998,10.1879,28,ar,reseaux_sociaux,تسرب مياه كبير وواضح في الأنبوب الرئيسي في Raoued منذ 5 jours، لم يتدخل أحد بعد.
PL-00120,2026-06-13,nouveau,critique,,coupure_non_signalee,Coupure non signalée,-0.84,Sidi Bouzid,Sidi Bouzid Ouest,rural,35.04845,9.47504,47,fr,reseaux_sociaux,Deuxième coupure cette semaine à Sidi Bouzid Ouest sans préavis. C'est devenu insupportable pour les familles.
PL-00174,2026-06-13,resolu,moyenne,6.0,qualite_eau,Qualité de l'eau (goût/odeur/couleur),-0.46,Gafsa,Gafsa Nord,mixte,34.40477,8.83413,45,ar,app_mobile,الماء الذي يخرج من الصنبور في Gafsa Nord له رائحة كبريت وطعم سيء منذ أيام.
PL-00220,2026-06-13,en_cours,moyenne,,facturation,Litige de facturation,-0.33,Tataouine,Tataouine Nord,rural,32.95827,10.48855,48,tn_arabe,app_mobile,الفاتورة تاع الماء في Tataouine Nord تضاعفت هاد الشهر بلا أي تفسير.
PL-00209,2026-06-11,rejete,critique,,panne_pompage,Panne de pompage / coupure électrique liée,-0.72,Sousse,Kalâa Kebira,urbain,35.79337,10.59138,25,tn_latin,app_mobile,"Fama panne fel mahatta ta3 pompage f Kalâa Kebira 3la khater el kahraba, ma famech ma mel 3 jours."
PL-00259,2026-06-11,en_cours,haute,,panne_pompage,Panne de pompage / coupure électrique liée,-0.64,Kasserine,Sbeitla,rural,35.14702,8.80424,50,fr,numero_vert,"Panne à la station de pompage de Sbeitla suite à une coupure STEG, plus d'eau depuis 48 heures."
PL-00041,2026-06-10,en_cours,critique,,panne_pompage,Panne de pompage / coupure électrique liée,-0.84,Kairouan,Hajeb El Ayoun,mixte,35.69883,10.08985,44,tn_arabe,app_mobile,فما بان في المحطة تاع البمبج في Hajeb El Ayoun على خاطر الكهرباء، ما فماش ماء من 5 jours.
PL-00181,2026-06-10,nouveau,haute,,coupure_non_signalee,Coupure non signalée,-0.71,Ben Arous,Rades,urbain,36.75524,10.22271,35,ar,app_mobile,انقطاع المياه منذ 10 jours في Rades دون أي إعلان مسبق من الشركة.
PL-00047,2026-06-08,nouveau,critique,,coupure_non_signalee,Coupure non signalée,-0.88,Ben Arous,Hammam Lif,urbain,36.75024,10.22225,35,fr,numero_vert,"Aucune eau au robinet depuis ce matin à Hammam Lif, Ben Arous. Rien sur les réseaux sociaux, aucune information."
PL-00162,2026-06-08,resolu,faible,12.0,retard_intervention,Retard ou absence d'intervention technique,-0.2,Monastir,Monastir Ville,urbain,35.74689,10.78933,24,ar,app_mobile,بلغت عن المشكل منذ 5 jours وحتى الآن لا يوجد أي تدخل من الشركة في Monastir Ville.
PL-00124,2026-06-08,resolu,haute,5.0,coupure_non_signalee,Coupure non signalée,-0.52,Tataouine,Remada,rural,32.93225,10.43318,48,tn_arabe,numero_vert,عندي 3 أيام الماء مقطوع في Remada، Tataouine، وما حدش يعاودلي.
PL-00217,2026-06-06,en_cours,moyenne,,coupure_planifiee,Coupure annoncée / rationnement,-0.34,Ariana,Kalâat el-Andalous,urbain,36.86977,10.16916,28,ar,agence_locale,تم الإعلان عن ترشيد المياه في Kalâat el-Andalous لكن التوقيت غير محترم، بقينا بدون ماء أكثر من المتوقع.
PL-00008,2026-06-05,en_cours,critique,,coupure_non_signalee,Coupure non signalée,-0.97,Médenine,Zarzis,mixte,33.40201,10.54158,42,tn_latin,app_mobile,"3andi 3 ayem el ma me9tou3 f Zarzis, Médenine, w ma7ad y3awedli."
PL-00157,2026-06-05,nouveau,haute,,qualite_eau,Qualité de l'eau (goût/odeur/couleur),-0.64,Kébili,Souk Lahad,rural,33.66175,8.9459,50,tn_latin,reseaux_sociaux,"El ma f Souk Lahad rihtou khayba w toumou ghrib, khayfin nchorbouh."
PL-00094,2026-06-05,en_cours,moyenne,,pression_faible,Pression insuffisante,-0.29,Gabès,Gabès Ville,mixte,33.89769,10.13584,38,tn_latin,reseaux_sociaux,"Dghet el ma d3if barcha f Gabès Ville, el twabe9 el fou9ania ma3andhomch ma."
PL-00026,2026-06-04,resolu,critique,12.0,qualite_eau,Qualité de l'eau (goût/odeur/couleur),-1.0,Sidi Bouzid,Regueb,rural,35.04882,9.48604,47,tn_latin,app_mobile,"El ma yji asfar w m3aker f Regueb, ki fama moshkil fel قنوات."
PL-00275,2026-06-02,nouveau,haute,,qualite_eau,Qualité de l'eau (goût/odeur/couleur),-0.64,Tataouine,Ghomrassen,rural,32.95329,10.45015,48,fr,app_mobile,"Eau trouble et jaunâtre au robinet ce matin à Ghomrassen, impossible de la boire ou de cuisiner avec."
PL-00101,2026-06-02,en_cours,moyenne,,pression_faible,Pression insuffisante,-0.26,Ben Arous,Ezzahra,urbain,36.74235,10.22521,35,tn_arabe,numero_vert,ضغط الماء ضعيف برشا في Ezzahra، الطوابق الفوقانية ما عندهمش ماء.
PL-00200,2026-06-02,nouveau,moyenne,,pression_faible,Pression insuffisante,-0.2,Kasserine,Thala,rural,35.15482,8.84953,50,tn_latin,numero_vert,"Dghet el ma d3if barcha f Thala, el twabe9 el fou9ania ma3andhomch ma."
PL-00018,2026-06-01,nouveau,haute,,pression_faible,Pression insuffisante,-0.66,Tunis,El Menzah,urbain,36.81844,10.17342,30,ar,app_mobile,ضغط الماء ضعيف جدا في El Menzah، خاصة في المساء، من الصعب ملء الخزانات.
PL-00109,2026-05-31,resolu,faible,12.0,suggestion,Suggestion d'amélioration,0.12,Béja,Medjez el-Bab,rural,36.77533,9.21275,39,tn_arabe,reseaux_sociaux,يحسن كي تزيدوا حساسات في Medjez el-Bab باش نعرفوا بسرعة فما فويت ولا لا.
PL-00004,2026-05-26,en_cours,haute,,retard_intervention,Retard ou absence d'intervention technique,-0.7,Kasserine,Fériana,rural,35.21612,8.87203,50,ar,numero_vert,بلغت عن المشكل منذ 48 heures وحتى الآن لا يوجد أي تدخل من الشركة في Fériana.
PL-00253,2026-05-25,nouveau,moyenne,,panne_pompage,Panne de pompage / coupure électrique liée,-0.36,Sfax,Sfax Ouest,urbain,34.73247,10.7712,40,fr,app_mobile,"La station de Sfax Ouest semble en panne, aucune eau ne circule dans le quartier depuis une semaine."
PL-00150,2026-05-24,nouveau,haute,,fuite_visible,Fuite visible sur canalisation,-0.59,Zaghouan,Nadhour,mixte,36.41873,10.09407,33,ar,app_mobile,تسرب مياه كبير وواضح في الأنبوب الرئيسي في Nadhour منذ 5 jours، لم يتدخل أحد بعد.
PL-00282,2026-05-24,en_cours,moyenne,,facturation,Litige de facturation,-0.37,Jendouba,Jendouba Nord,rural,36.46042,8.79624,41,ar,reseaux_sociaux,فاتورة الماء تاعي في Jendouba Nord تضاعفت هذا الشهر بدون أي تفسير.
PL-00221,2026-05-23,en_cours,moyenne,,fuite_visible,Fuite visible sur canalisation,-0.26,Jendouba,Fernana,rural,36.52015,8.73523,41,fr,reseaux_sociaux,"Une fuite inonde la rue à Fernana, énorme gaspillage d'eau potable alors qu'on est en pénurie."
PL-00161,2026-05-22,rejete,haute,,qualite_eau,Qualité de l'eau (goût/odeur/couleur),-0.46,Kébili,Souk Lahad,rural,33.75182,8.93271,50,tn_arabe,app_mobile,الماء في Souk Lahad ريحتو خايبة وطعمو غريب، خايفين نشربوه.
PL-00308,2026-05-22,resolu,haute,5.0,qualite_eau,Qualité de l'eau (goût/odeur/couleur),-0.68,Ariana,Raoued,urbain,36.82883,10.21931,28,ar,reseaux_sociaux,ماء عكر وأصفر اللون هذا الصباح في Raoued، لا يمكن شربه أو الطبخ به.
PL-00035,2026-05-14,nouveau,faible,,facturation,Litige de facturation,-0.12,Ben Arous,Hammam Lif,urbain,36.73316,10.2172,35,tn_latin,app_mobile,El factura ta3 el ma f Hammam Lif tdha3fet had chahar bla ay tafsir.
PL-00188,2026-05-08,en_cours,faible,,suggestion,Suggestion d'amélioration,-0.05,Tataouine,Tataouine Nord,rural,32.91072,10.44555,48,fr,app_mobile,Il serait utile d'installer des compteurs intelligents à Tataouine Nord pour détecter les fuites plus vite.
PL-00238,2026-05-06,en_cours,haute,,fuite_visible,Fuite visible sur canalisation,-0.56,Ben Arous,Ezzahra,urbain,36.74498,10.21623,35,ar,numero_vert,تسرب مياه كبير وواضح في الأنبوب الرئيسي في Ezzahra منذ 3 jours، لم يتدخل أحد بعد.
PL-00294,2026-05-06,resolu,haute,1.0,coupure_non_signalee,Coupure non signalée,-0.72,Kasserine,Sbeitla,rural,35.20487,8.80718,50,fr,numero_vert,Deuxième coupure cette semaine à Sbeitla sans préavis. C'est devenu insupportable pour les familles.
PL-00054,2026-05-03,en_cours,moyenne,,qualite_eau,Qualité de l'eau (goût/odeur/couleur),-0.38,Tunis,El Omrane,urbain,36.83786,10.18651,30,ar,agence_locale,ماء عكر وأصفر اللون هذا الصباح في El Omrane، لا يمكن شربه أو الطبخ به.
PL-00091,2026-05-03,en_cours,moyenne,,pression_faible,Pression insuffisante,-0.33,Sfax,Thyna,urbain,34.72934,10.78775,40,fr,app_mobile,"Pression très basse depuis une semaine à Thyna, les étages supérieurs n'ont presque plus d'eau."
PL-00147,2026-05-02,resolu,moyenne,6.0,fuite_visible,Fuite visible sur canalisation,-0.39,Nabeul,Nabeul Ville,mixte,36.43218,10.78108,27,ar,app_mobile,تسرب مياه كبير وواضح في الأنبوب الرئيسي في Nabeul Ville منذ 3 jours، لم يتدخل أحد بعد.
PL-00228,2026-05-02,en_cours,moyenne,,coupure_planifiee,Coupure annoncée / rationnement,-0.42,Gabès,El Hamma,mixte,33.88765,10.10758,38,tn_latin,app_mobile,9alolna el ma ghadi yet9ata3 sa3tin bark f El Hamma w 9ta3 nhar kamel!
PL-00237,2026-05-01,rejete,moyenne,,retard_intervention,Retard ou absence d'intervention technique,-0.49,Tataouine,Ghomrassen,rural,32.89202,10.47291,48,ar,numero_vert,بلغت عن المشكل منذ 10 jours وحتى الآن لا يوجد أي تدخل من الشركة في Ghomrassen.
PL-00276,2026-05-01,resolu,moyenne,2.0,pression_faible,Pression insuffisante,-0.45,Mahdia,Ksour Essef,mixte,35.46502,11.10904,30,fr,app_mobile,"Pression très basse depuis une semaine à Ksour Essef, les étages supérieurs n'ont presque plus d'eau."
PL-00264,2026-04-28,rejete,moyenne,,retard_intervention,Retard ou absence d'intervention technique,-0.29,Kairouan,Haffouz,mixte,35.69513,10.12366,44,ar,numero_vert,بلغت عن المشكل منذ jours 3 وحتى الآن لا يوجد أي تدخل من الشركة في Haffouz.
PL-00268,2026-04-27,resolu,moyenne,3.0,pression_faible,Pression insuffisante,-0.28,Jendouba,Bou Salem,rural,36.46342,8.7308,41,ar,app_mobile,ضغط الماء ضعيف جدا في Bou Salem، خاصة في المساء، من الصعب ملء الخزانات.
PL-00148,2026-04-25,nouveau,moyenne,,fuite_visible,Fuite visible sur canalisation,-0.34,Tunis,El Omrane,urbain,36.85315,10.19567,30,fr,reseaux_sociaux,"Une fuite inonde la rue à El Omrane, énorme gaspillage d'eau potable alors qu'on est en pénurie."
PL-00075,2026-04-16,nouveau,moyenne,,coupure_non_signalee,Coupure non signalée,-0.4,Ben Arous,Mornag,urbain,36.78803,10.22083,35,tn_latin,app_mobile,"3andi 3 ayem el ma me9tou3 f Mornag, Ben Arous, w ma7ad y3awedli."
PL-00149,2026-04-13,en_cours,critique,,panne_pompage,Panne de pompage / coupure électrique liée,-1.0,Gabès,Gabès Ville,mixte,33.92602,10.11502,38,ar,app_mobile,عطل في محطة الضخ في Gabès Ville بسبب انقطاع الكهرباء، لا ماء منذ 2 jours.
PL-00155,2026-04-11,nouveau,haute,,coupure_non_signalee,Coupure non signalée,-0.68,Ariana,Raoued,urbain,36.89155,10.21453,28,tn_latin,numero_vert,"3andi 3 ayem el ma me9tou3 f Raoued, Ariana, w ma7ad y3awedli."
PL-00019,2026-04-10,resolu,moyenne,13.0,coupure_planifiee,Coupure annoncée / rationnement,-0.45,Médenine,Médenine Nord,mixte,33.31223,10.47682,42,tn_arabe,numero_vert,قالولنا الماء غادي يتقطع ساعتين برك في Médenine Nord وقطع نهار كامل!
PL-00252,2026-04-04,nouveau,moyenne,,fuite_visible,Fuite visible sur canalisation,-0.28,Gabès,Mareth,mixte,33.91538,10.09649,38,tn_arabe,app_mobile,كاين فويت كبيرة في القناة الرئيسية في Mareth على خاطر 48 heures، حتى حد ما جا.
PL-00273,2026-03-29,en_cours,critique,,coupure_non_signalee,Coupure non signalée,-0.96,Kairouan,Hajeb El Ayoun,mixte,35.70502,10.06758,44,fr,reseaux_sociaux,Deuxième coupure cette semaine à Hajeb El Ayoun sans préavis. C'est devenu insupportable pour les familles.
PL-00258,2026-03-29,resolu,haute,10.0,panne_pompage,Panne de pompage / coupure électrique liée,-0.56,Ariana,Soukra,urbain,36.90908,10.15098,28,fr,app_mobile,"La station de Soukra semble en panne, aucune eau ne circule dans le quartier depuis 10 jours."
PL-00240,2026-03-21,nouveau,moyenne,,fuite_visible,Fuite visible sur canalisation,-0.5,Sfax,Sfax Ouest,urbain,34.72014,10.71424,40,fr,app_mobile,"Une fuite inonde la rue à Sfax Ouest, énorme gaspillage d'eau potable alors qu'on est en pénurie."
PL-00089,2026-03-20,resolu,moyenne,6.0,retard_intervention,Retard ou absence d'intervention technique,-0.21,Ben Arous,Hammam Lif,urbain,36.78647,10.18587,35,tn_arabe,app_mobile,عيطتلكم من 24 heures وحتى واحد ما جا يعدل المشكل في Hammam Lif.
PL-00081,2026-03-18,en_cours,haute,,coupure_non_signalee,Coupure non signalée,-0.7,Ariana,Raoued,urbain,36.8866,10.24278,28,ar,app_mobile,لا توجد مياه في الصنبور منذ الصباح في Raoued، Ariana. لا معلومات على الإطلاق.
PL-00087,2026-03-17,en_cours,critique,,panne_pompage,Panne de pompage / coupure électrique liée,-0.77,Gafsa,Gafsa Nord,mixte,34.39235,8.74949,45,fr,reseaux_sociaux,"La station de Gafsa Nord semble en panne, aucune eau ne circule dans le quartier depuis 24 heures."
PL-00146,2026-03-16,en_cours,moyenne,,facturation,Litige de facturation,-0.23,Sfax,Thyna,urbain,34.72144,10.74626,40,ar,app_mobile,فاتورة الماء تاعي في Thyna تضاعفت هذا الشهر بدون أي تفسير.
PL-00126,2026-03-15,nouveau,haute,,panne_pompage,Panne de pompage / coupure électrique liée,-0.61,Monastir,Monastir Ville,urbain,35.74335,10.79006,24,ar,app_mobile,عطل في محطة الضخ في Monastir Ville بسبب انقطاع الكهرباء، لا ماء منذ 48 heures.
PL-00141,2026-03-13,en_cours,faible,,pression_faible,Pression insuffisante,-0.09,Béja,Testour,rural,36.70749,9.19149,39,ar,app_mobile,ضغط الماء ضعيف جدا في Testour، خاصة في المساء، من الصعب ملء الخزانات.
PL-00076,2026-03-10,resolu,haute,4.0,coupure_planifiee,Coupure annoncée / rationnement,-0.72,Gabès,El Hamma,mixte,33.86959,10.10794,38,ar,reseaux_sociaux,تم الإعلان عن ترشيد المياه في El Hamma لكن التوقيت غير محترم، بقينا بدون ماء أكثر من المتوقع.
PL-00178,2026-03-08,en_cours,critique,,coupure_non_signalee,Coupure non signalée,-0.85,Monastir,Jemmal,urbain,35.78071,10.79712,24,ar,app_mobile,انقطاع المياه منذ 24 heures في Jemmal دون أي إعلان مسبق من الشركة.
PL-00263,2026-03-03,nouveau,haute,,coupure_non_signalee,Coupure non signalée,-0.47,Sidi Bouzid,Menzel Bouzaiane,rural,35.06848,9.47946,47,tn_arabe,agence_locale,الماء مقطوع من البارح في Menzel Bouzaiane وحتى واحد ما عوضناش عليكم، شنوة الحكاية؟
PL-00251,2026-02-27,nouveau,haute,,pression_faible,Pression insuffisante,-0.46,Gafsa,El Ksar,mixte,34.37965,8.79752,45,fr,app_mobile,"Pression très basse depuis une semaine à El Ksar, les étages supérieurs n'ont presque plus d'eau."
PL-00261,2026-02-27,nouveau,haute,,coupure_non_signalee,Coupure non signalée,-0.64,Sidi Bouzid,Sidi Bouzid Ouest,rural,35.02979,9.4886,47,fr,numero_vert,Coupure d'eau depuis 48 heures à Sidi Bouzid Ouest sans aucune annonce de la SONEDE. On ne sait même pas quand ça reviendra.
PL-00045,2026-02-24,resolu,haute,2.0,qualite_eau,Qualité de l'eau (goût/odeur/couleur),-0.6,Tunis,Le Bardo,urbain,36.77955,10.20363,30,tn_latin,agence_locale,"El ma f Le Bardo rihtou khayba w toumou ghrib, khayfin nchorbouh."
PL-00090,2026-02-24,resolu,haute,3.0,retard_intervention,Retard ou absence d'intervention technique,-0.74,Tataouine,Ghomrassen,rural,32.97547,10.44685,48,tn_latin,agence_locale,3ayetlkom mel 5 jours w 7ata wa7ed ma ja y3addel el moshkil f Ghomrassen.
PL-00239,2026-02-23,en_cours,haute,,fuite_visible,Fuite visible sur canalisation,-0.6,Kairouan,Haffouz,mixte,35.66998,10.13616,44,tn_latin,numero_vert,"Kayen fuite kbira fel qanat el ra2isiya f Haffouz 3la khater 2 jours, hata 7ad ma ja."
PL-00001,2026-02-14,nouveau,haute,,coupure_non_signalee,Coupure non signalée,-0.62,Kairouan,Kairouan Nord,mixte,35.70226,10.07079,44,fr,app_mobile,Deuxième coupure cette semaine à Kairouan Nord sans préavis. C'est devenu insupportable pour les familles.
PL-00224,2026-02-06,resolu,haute,3.0,coupure_non_signalee,Coupure non signalée,-0.47,Tunis,El Omrane,urbain,36.76156,10.16754,30,ar,app_mobile,لا توجد مياه في الصنبور منذ الصباح في El Omrane، Tunis. لا معلومات على الإطلاق.
PL-00212,2026-02-03,en_cours,moyenne,,coupure_non_signalee,Coupure non signalée,-0.21,Ben Arous,Hammam Lif,urbain,36.79847,10.18562,35,ar,agence_locale,انقطاع المياه منذ 5 jours في Hammam Lif دون أي إعلان مسبق من الشركة.
PL-00098,2026-01-28,nouveau,critique,,qualite_eau,Qualité de l'eau (goût/odeur/couleur),-0.9,Ariana,Soukra,urbain,36.83608,10.24505,28,fr,app_mobile,L'eau qui sort du robinet à Soukra a une odeur de soufre et un goût désagréable depuis quelques jours.
PL-00052,2026-01-27,nouveau,haute,,retard_intervention,Retard ou absence d'intervention technique,-0.67,Tataouine,Tataouine Nord,rural,32.88883,10.49799,48,tn_latin,numero_vert,3ayetlkom mel 10 jours w 7ata wa7ed ma ja y3addel el moshkil f Tataouine Nord.
PL-00028,2026-01-25,en_cours,moyenne,,fuite_visible,Fuite visible sur canalisation,-0.37,Zaghouan,Bir Mcherga,mixte,36.42761,10.1099,33,ar,numero_vert,تسرب مياه كبير وواضح في الأنبوب الرئيسي في Bir Mcherga منذ une semaine، لم يتدخل أحد بعد.
PL-00111,2026-01-25,en_cours,moyenne,,fuite_visible,Fuite visible sur canalisation,-0.46,Ben Arous,Hammam Lif,urbain,36.74312,10.24989,35,ar,app_mobile,تسرب مياه كبير وواضح في الأنبوب الرئيسي في Hammam Lif منذ 10 jours، لم يتدخل أحد بعد.
PL-00031,2026-01-24,nouveau,moyenne,,retard_intervention,Retard ou absence d'intervention technique,-0.22,Ben Arous,Ezzahra,urbain,36.78114,10.20008,35,tn_latin,app_mobile,3ayetlkom mel 2 jours w 7ata wa7ed ma ja y3addel el moshkil f Ezzahra.
PL-00310,2026-01-24,resolu,moyenne,1.0,coupure_planifiee,Coupure annoncée / rationnement,-0.41,Tunis,Bab Bhar,urbain,36.82802,10.20421,30,fr,agence_locale,La coupure programmée à Bab Bhar dure bien plus longtemps que l'annonce initiale.
PL-00271,2026-01-23,resolu,critique,13.0,qualite_eau,Qualité de l'eau (goût/odeur/couleur),-0.96,Sfax,Thyna,urbain,34.78647,10.72716,40,tn_latin,reseaux_sociaux,"El ma yji asfar w m3aker f Thyna, ki fama moshkil fel قنوات."
PL-00074,2026-01-21,resolu,moyenne,1.0,fuite_visible,Fuite visible sur canalisation,-0.27,Gabès,Gabès Ville,mixte,33.87912,10.126,38,fr,app_mobile,"Grosse fuite d'eau visible sur la canalisation principale à Gabès Ville depuis 5 jours, personne n'est intervenu."
PL-00248,2026-01-20,en_cours,critique,,coupure_non_signalee,Coupure non signalée,-0.73,Ben Arous,Mornag,urbain,36.74453,10.23391,35,fr,numero_vert,Deuxième coupure cette semaine à Mornag sans préavis. C'est devenu insupportable pour les familles.
PL-00070,2026-01-14,nouveau,faible,,facturation,Litige de facturation,0.04,Médenine,Ben Guerdane,mixte,33.36363,10.52816,42,tn_latin,app_mobile,El factura ta3 el ma f Ben Guerdane tdha3fet had chahar bla ay tafsir.
PL-00242,2026-01-11,nouveau,moyenne,,panne_pompage,Panne de pompage / coupure électrique liée,-0.3,Tozeur,Nefta,rural,33.94986,8.11477,46,fr,app_mobile,"Panne à la station de pompage de Nefta suite à une coupure STEG, plus d'eau depuis 2 jours."
PL-00245,2026-01-08,resolu,faible,4.0,pression_faible,Pression insuffisante,-0.09,Gafsa,El Ksar,mixte,34.41907,8.74053,45,fr,numero_vert,"La pression de l'eau est très faible à El Ksar, surtout le soir, impossible de remplir les réservoirs."
PL-00298,2026-01-08,nouveau,haute,,coupure_non_signalee,Coupure non signalée,-0.72,Sidi Bouzid,Regueb,rural,35.07363,9.46286,47,fr,app_mobile,Deuxième coupure cette semaine à Regueb sans préavis. C'est devenu insupportable pour les familles.
PL-00051,2026-01-08,nouveau,moyenne,,fuite_visible,Fuite visible sur canalisation,-0.35,Sidi Bouzid,Menzel Bouzaiane,rural,35.08032,9.47882,47,ar,app_mobile,تسرب مياه كبير وواضح في الأنبوب الرئيسي في Menzel Bouzaiane منذ une semaine، لم يتدخل أحد بعد.
PL-00006,2026-01-06,en_cours,faible,,facturation,Litige de facturation,-0.03,Ben Arous,Hammam Lif,urbain,36.72456,10.22812,35,tn_latin,numero_vert,El factura ta3 el ma f Hammam Lif tdha3fet had chahar bla ay tafsir.
PL-00292,2025-12-29,resolu,haute,9.0,fuite_visible,Fuite visible sur canalisation,-0.68,Médenine,Ben Guerdane,mixte,33.39455,10.5417,42,fr,reseaux_sociaux,"Une fuite inonde la rue à Ben Guerdane, énorme gaspillage d'eau potable alors qu'on est en pénurie."
PL-00307,2025-12-28,nouveau,haute,,panne_pompage,Panne de pompage / coupure électrique liée,-0.68,Médenine,Médenine Nord,mixte,33.37368,10.50469,42,fr,app_mobile,"La station de Médenine Nord semble en panne, aucune eau ne circule dans le quartier depuis 10 jours."
PL-00232,2025-12-27,nouveau,haute,,coupure_non_signalee,Coupure non signalée,-0.49,Kairouan,Kairouan Nord,mixte,35.67532,10.06575,44,tn_latin,app_mobile,"3andi 3 ayem el ma me9tou3 f Kairouan Nord, Kairouan, w ma7ad y3awedli."
PL-00222,2025-12-26,nouveau,haute,,qualite_eau,Qualité de l'eau (goût/odeur/couleur),-0.56,Monastir,Monastir Ville,urbain,35.72774,10.85872,24,tn_latin,app_mobile,"El ma yji asfar w m3aker f Monastir Ville, ki fama moshkil fel قنوات."
PL-00151,2025-12-25,en_cours,critique,,coupure_non_signalee,Coupure non signalée,-0.92,Kébili,Kébili Nord,rural,33.6651,8.92873,50,fr,app_mobile,Deuxième coupure cette semaine à Kébili Nord sans préavis. C'est devenu insupportable pour les familles.
PL-00279,2025-12-25,resolu,moyenne,10.0,fuite_visible,Fuite visible sur canalisation,-0.45,Kairouan,Hajeb El Ayoun,mixte,35.63034,10.05061,44,fr,app_mobile,"Grosse fuite d'eau visible sur la canalisation principale à Hajeb El Ayoun depuis 5 jours, personne n'est intervenu."
PL-00011,2025-12-22,resolu,faible,11.0,fuite_visible,Fuite visible sur canalisation,-0.02,Gabès,Métouia,mixte,33.84434,10.09573,38,fr,numero_vert,"Une fuite inonde la rue à Métouia, énorme gaspillage d'eau potable alors qu'on est en pénurie."
PL-00186,2025-12-21,nouveau,haute,,panne_pompage,Panne de pompage / coupure électrique liée,-0.75,Ariana,Kalâat el-Andalous,urbain,36.84904,10.21389,28,tn_arabe,reseaux_sociaux,فما بان في المحطة تاع البمبج في Kalâat el-Andalous على خاطر الكهرباء، ما فماش ماء من 2 jours.
PL-00227,2025-12-21,resolu,haute,1.0,qualite_eau,Qualité de l'eau (goût/odeur/couleur),-0.61,Zaghouan,Bir Mcherga,mixte,36.4495,10.15677,33,ar,reseaux_sociaux,ماء عكر وأصفر اللون هذا الصباح في Bir Mcherga، لا يمكن شربه أو الطبخ به.
PL-00196,2025-12-19,nouveau,critique,,qualite_eau,Qualité de l'eau (goût/odeur/couleur),-0.96,Ben Arous,Ezzahra,urbain,36.75384,10.24192,35,tn_latin,reseaux_sociaux,"El ma f Ezzahra rihtou khayba w toumou ghrib, khayfin nchorbouh."
PL-00216,2025-12-16,en_cours,moyenne,,pression_faible,Pression insuffisante,-0.21,Tozeur,Degache,rural,33.87586,8.15872,46,fr,numero_vert,"Pression très basse depuis une semaine à Degache, les étages supérieurs n'ont presque plus d'eau."
PL-00033,2025-12-14,nouveau,haute,,qualite_eau,Qualité de l'eau (goût/odeur/couleur),-0.48,Sidi Bouzid,Menzel Bouzaiane,rural,35.03666,9.45882,47,tn_latin,app_mobile,"El ma f Menzel Bouzaiane rihtou khayba w toumou ghrib, khayfin nchorbouh."
PL-00116,2025-12-14,nouveau,moyenne,,fuite_visible,Fuite visible sur canalisation,-0.43,Tozeur,Nefta,rural,33.88278,8.12055,46,ar,app_mobile,تسرب مياه كبير وواضح في الأنبوب الرئيسي في Nefta منذ 2 jours، لم يتدخل أحد بعد.
PL-00007,2025-12-13,en_cours,haute,,fuite_visible,Fuite visible sur canalisation,-0.51,Ariana,Raoued,urbain,36.91223,10.15943,28,tn_latin,app_mobile,"Kayen fuite kbira fel qanat el ra2isiya f Raoued 3la khater 3 jours, hata 7ad ma ja."
PL-00137,2025-12-13,rejete,haute,,coupure_planifiee,Coupure annoncée / rationnement,-0.53,Zaghouan,Zaghouan Ville,mixte,36.45141,10.13971,33,fr,app_mobile,"Rationnement de l'eau annoncé à Zaghouan Ville mais les horaires ne sont pas respectés, on reste sans eau plus longtemps que prévu."
PL-00133,2025-12-09,en_cours,faible,,suggestion,Suggestion d'amélioration,0.09,Gafsa,Métlaoui,mixte,34.44403,8.79807,45,ar,agence_locale,سيكون من المفيد تركيز عدادات ذكية في Métlaoui لاكتشاف التسربات بسرعة أكبر.
PL-00195,2025-12-08,resolu,faible,12.0,suggestion,Suggestion d'amélioration,-0.01,Gafsa,Gafsa Nord,mixte,34.41698,8.83032,45,fr,app_mobile,Je suggère à la SONEDE de communiquer les coupures via l'application plutôt que par bouche à oreille à Gafsa Nord.
PL-00193,2025-12-06,resolu,haute,8.0,coupure_non_signalee,Coupure non signalée,-0.51,Jendouba,Fernana,rural,36.52845,8.76137,41,ar,app_mobile,لا توجد مياه في الصنبور منذ الصباح في Fernana، Jendouba. لا معلومات على الإطلاق.
PL-00185,2025-12-02,resolu,haute,3.0,coupure_planifiee,Coupure annoncée / rationnement,-0.73,Tunis,El Menzah,urbain,36.83488,10.21088,30,ar,app_mobile,تم الإعلان عن ترشيد المياه في El Menzah لكن التوقيت غير محترم، بقينا بدون ماء أكثر من المتوقع.
PL-00197,2025-12-01,en_cours,faible,,suggestion,Suggestion d'amélioration,0.08,Nabeul,Kelibia,mixte,36.45138,10.71096,27,fr,app_mobile,Il serait utile d'installer des compteurs intelligents à Kelibia pour détecter les fuites plus vite.
PL-00044,2025-11-28,rejete,haute,,panne_pompage,Panne de pompage / coupure électrique liée,-0.65,Médenine,Médenine Nord,mixte,33.31421,10.47766,42,ar,numero_vert,عطل في محطة الضخ في Médenine Nord بسبب انقطاع الكهرباء، لا ماء منذ 24 heures.
PL-00105,2025-11-28,nouveau,haute,,pression_faible,Pression insuffisante,-0.64,Kasserine,Fériana,rural,35.14972,8.79451,50,ar,reseaux_sociaux,ضغط الماء ضعيف جدا في Fériana، خاصة في المساء، من الصعب ملء الخزانات.
PL-00205,2025-11-28,en_cours,haute,,retard_intervention,Retard ou absence d'intervention technique,-0.64,Mahdia,Ksour Essef,mixte,35.49018,11.09612,30,fr,numero_vert,"Plusieurs appels au numéro vert sans résultat, 10 jours sans intervention à Ksour Essef."
PL-00112,2025-11-25,en_cours,moyenne,,fuite_visible,Fuite visible sur canalisation,-0.45,Sfax,Sakiet Ezzit,urbain,34.76738,10.7232,40,tn_arabe,numero_vert,كاين فويت كبيرة في القناة الرئيسية في Sakiet Ezzit على خاطر 5 jours، حتى حد ما جا.
PL-00082,2025-11-24,nouveau,haute,,pression_faible,Pression insuffisante,-0.63,Jendouba,Bou Salem,rural,36.46684,8.79208,41,fr,app_mobile,"Pression très basse depuis une semaine à Bou Salem, les étages supérieurs n'ont presque plus d'eau."
PL-00291,2025-11-21,en_cours,faible,,facturation,Litige de facturation,-0.14,Sfax,Sfax Médina,urbain,34.77089,10.80597,40,tn_latin,app_mobile,El factura ta3 el ma f Sfax Médina tdha3fet had chahar bla ay tafsir.
PL-00286,2025-11-21,nouveau,haute,,pression_faible,Pression insuffisante,-0.7,Sidi Bouzid,Regueb,rural,35.06178,9.5204,47,tn_latin,app_mobile,"Dghet el ma d3if barcha f Regueb, el twabe9 el fou9ania ma3andhomch ma."
PL-00092,2025-11-16,en_cours,haute,,coupure_non_signalee,Coupure non signalée,-0.47,Tataouine,Ghomrassen,rural,32.91304,10.46007,48,ar,app_mobile,لا توجد مياه في الصنبور منذ الصباح في Ghomrassen، Tataouine. لا معلومات على الإطلاق.
PL-00053,2025-11-16,resolu,moyenne,8.0,pression_faible,Pression insuffisante,-0.4,Ariana,Soukra,urbain,36.83065,10.20413,28,ar,reseaux_sociaux,ضغط الماء ضعيف جدا في Soukra، خاصة في المساء، من الصعب ملء الخزانات.
PL-00145,2025-11-12,en_cours,critique,,panne_pompage,Panne de pompage / coupure électrique liée,-0.79,Tunis,El Menzah,urbain,36.77768,10.1505,30,tn_latin,app_mobile,"Fama panne fel mahatta ta3 pompage f El Menzah 3la khater el kahraba, ma famech ma mel 3 jours."
PL-00058,2025-11-12,resolu,moyenne,12.0,pression_faible,Pression insuffisante,-0.4,Tunis,Le Bardo,urbain,36.84025,10.18949,30,tn_arabe,app_mobile,ضغط الماء ضعيف برشا في Le Bardo، الطوابق الفوقانية ما عندهمش ماء.
PL-00115,2025-11-11,nouveau,haute,,panne_pompage,Panne de pompage / coupure électrique liée,-0.65,Kébili,Souk Lahad,rural,33.69501,8.96445,50,fr,reseaux_sociaux,"La station de Souk Lahad semble en panne, aucune eau ne circule dans le quartier depuis 24 heures."
PL-00203,2025-11-11,en_cours,moyenne,,qualite_eau,Qualité de l'eau (goût/odeur/couleur),-0.35,Kébili,Kébili Nord,rural,33.75334,8.99729,50,ar,app_mobile,ماء عكر وأصفر اللون هذا الصباح في Kébili Nord، لا يمكن شربه أو الطبخ به.
PL-00183,2025-11-09,en_cours,critique,,qualite_eau,Qualité de l'eau (goût/odeur/couleur),-0.82,Kairouan,Haffouz,mixte,35.72009,10.10791,44,fr,agence_locale,L'eau qui sort du robinet à Haffouz a une odeur de soufre et un goût désagréable depuis quelques jours.
PL-00005,2025-11-09,nouveau,moyenne,,fuite_visible,Fuite visible sur canalisation,-0.27,Kairouan,Haffouz,mixte,35.68151,10.07078,44,fr,reseaux_sociaux,"Grosse fuite d'eau visible sur la canalisation principale à Haffouz depuis 48 heures, personne n'est intervenu."
PL-00169,2025-11-08,en_cours,moyenne,,fuite_visible,Fuite visible sur canalisation,-0.3,Sidi Bouzid,Sidi Bouzid Ouest,rural,35.04593,9.51485,47,ar,agence_locale,تسرب مياه كبير وواضح في الأنبوب الرئيسي في Sidi Bouzid Ouest منذ 24 heures، لم يتدخل أحد بعد.
PL-00088,2025-11-06,nouveau,haute,,coupure_non_signalee,Coupure non signalée,-0.67,Mahdia,Ksour Essef,mixte,35.54112,11.07492,30,fr,app_mobile,"Aucune eau au robinet depuis ce matin à Ksour Essef, Mahdia. Rien sur les réseaux sociaux, aucune information."
PL-00039,2025-11-02,nouveau,faible,,facturation,Litige de facturation,-0.0,Gafsa,Gafsa Sud,mixte,34.46789,8.79178,45,ar,numero_vert,فاتورة الماء تاعي في Gafsa Sud تضاعفت هذا الشهر بدون أي تفسير.
PL-00214,2025-10-28,nouveau,critique,,qualite_eau,Qualité de l'eau (goût/odeur/couleur),-0.94,Gabès,Mareth,mixte,33.84686,10.08428,38,fr,app_mobile,"Depuis la vague de chaleur, l'eau à Mareth a un goût chimique très fort."
PL-00158,2025-10-28,en_cours,haute,,qualite_eau,Qualité de l'eau (goût/odeur/couleur),-0.57,Gafsa,El Ksar,mixte,34.41988,8.78967,45,fr,app_mobile,"Eau trouble et jaunâtre au robinet ce matin à El Ksar, impossible de la boire ou de cuisiner avec."
PL-00129,2025-10-27,resolu,faible,1.0,facturation,Litige de facturation,-0.1,Kasserine,Kasserine Nord,rural,35.20892,8.80401,50,fr,agence_locale,Ma facture d'eau à Kasserine Nord a doublé ce mois-ci sans explication alors que ma consommation n'a pas changé.
PL-00283,2025-10-24,nouveau,moyenne,,pression_faible,Pression insuffisante,-0.36,Kasserine,Thala,rural,35.19656,8.82462,50,tn_latin,reseaux_sociaux,"Dghet el ma d3if barcha f Thala, el twabe9 el fou9ania ma3andhomch ma."
PL-00201,2025-10-22,nouveau,haute,,retard_intervention,Retard ou absence d'intervention technique,-0.7,Zaghouan,Zaghouan Ville,mixte,36.3696,10.14989,33,ar,app_mobile,بلغت عن المشكل منذ 24 heures وحتى الآن لا يوجد أي تدخل من الشركة في Zaghouan Ville.
PL-00057,2025-10-15,en_cours,critique,,panne_pompage,Panne de pompage / coupure électrique liée,-0.74,Gabès,Mareth,mixte,33.85056,10.10814,38,fr,numero_vert,"Panne à la station de pompage de Mareth suite à une coupure STEG, plus d'eau depuis une semaine."
PL-00226,2025-10-08,en_cours,moyenne,,coupure_non_signalee,Coupure non signalée,-0.31,Kasserine,Sbeitla,rural,35.14451,8.82745,50,tn_latin,app_mobile,"El ma me9tou3 mel bare7 f Sbeitla w hata wa7ed ma 3'awedhna 3likom, chnowa el 7keya?"
PL-00202,2025-10-06,en_cours,faible,,facturation,Litige de facturation,-0.12,Gafsa,Gafsa Nord,mixte,34.43973,8.78409,45,ar,numero_vert,فاتورة الماء تاعي في Gafsa Nord تضاعفت هذا الشهر بدون أي تفسير.
PL-00304,2025-10-05,resolu,haute,8.0,panne_pompage,Panne de pompage / coupure électrique liée,-0.55,Médenine,Médenine Nord,mixte,33.30754,10.4952,42,fr,app_mobile,"La station de Médenine Nord semble en panne, aucune eau ne circule dans le quartier depuis 5 jours."
PL-00029,2025-09-29,nouveau,critique,,panne_pompage,Panne de pompage / coupure électrique liée,-0.81,Sousse,Hammam Sousse,urbain,35.85497,10.68718,25,tn_latin,agence_locale,"Fama panne fel mahatta ta3 pompage f Hammam Sousse 3la khater el kahraba, ma famech ma mel 5 jours."
PL-00138,2025-09-23,en_cours,moyenne,,pression_faible,Pression insuffisante,-0.34,Béja,Medjez el-Bab,rural,36.71316,9.19997,39,ar,numero_vert,ضغط الماء ضعيف جدا في Medjez el-Bab، خاصة في المساء، من الصعب ملء الخزانات.
PL-00319,2025-09-22,en_cours,haute,,coupure_non_signalee,Coupure non signalée,-0.56,Gafsa,Gafsa Sud,mixte,34.39521,8.78274,45,tn_latin,app_mobile,"3andi 3 ayem el ma me9tou3 f Gafsa Sud, Gafsa, w ma7ad y3awedli."
PL-00165,2025-09-22,en_cours,moyenne,,retard_intervention,Retard ou absence d'intervention technique,-0.28,Kairouan,Hajeb El Ayoun,mixte,35.72478,10.07946,44,fr,numero_vert,J'ai signalé le problème il y a une semaine et toujours aucune intervention de la SONEDE à Hajeb El Ayoun.
PL-00225,2025-09-18,resolu,haute,11.0,coupure_non_signalee,Coupure non signalée,-0.74,Monastir,Ksar Hellal,urbain,35.77299,10.79628,24,tn_arabe,numero_vert,الماء مقطوع من البارح في Ksar Hellal وحتى واحد ما عوضناش عليكم، شنوة الحكاية؟
PL-00278,2025-09-16,en_cours,critique,,panne_pompage,Panne de pompage / coupure électrique liée,-0.78,Tunis,Bab Bhar,urbain,36.77519,10.16772,30,fr,app_mobile,"Panne à la station de pompage de Bab Bhar suite à une coupure STEG, plus d'eau depuis 24 heures."
PL-00233,2025-09-16,nouveau,moyenne,,coupure_non_signalee,Coupure non signalée,-0.41,Jendouba,Ghardimaou,rural,36.46542,8.81654,41,fr,app_mobile,"Aucune eau au robinet depuis ce matin à Ghardimaou, Jendouba. Rien sur les réseaux sociaux, aucune information."
PL-00297,2025-09-16,en_cours,moyenne,,coupure_planifiee,Coupure annoncée / rationnement,-0.32,Sfax,Sfax Médina,urbain,34.72314,10.77158,40,ar,app_mobile,تم الإعلان عن ترشيد المياه في Sfax Médina لكن التوقيت غير محترم، بقينا بدون ماء أكثر من المتوقع.
PL-00144,2025-09-15,resolu,haute,6.0,pression_faible,Pression insuffisante,-0.57,Gabès,Métouia,mixte,33.83665,10.08592,38,fr,app_mobile,"La pression de l'eau est très faible à Métouia, surtout le soir, impossible de remplir les réservoirs."
PL-00166,2025-09-14,en_cours,critique,,coupure_non_signalee,Coupure non signalée,-0.78,Ariana,Raoued,urbain,36.847,10.14806,28,ar,app_mobile,انقطاع المياه منذ 2 jours في Raoued دون أي إعلان مسبق من الشركة.
PL-00223,2025-09-11,en_cours,critique,,coupure_non_signalee,Coupure non signalée,-0.84,Sidi Bouzid,Regueb,rural,35.0703,9.48643,47,ar,app_mobile,لا توجد مياه في الصنبور منذ الصباح في Regueb، Sidi Bouzid. لا معلومات على الإطلاق.
PL-00184,2025-09-05,nouveau,critique,,panne_pompage,Panne de pompage / coupure électrique liée,-0.74,Tunis,El Menzah,urbain,36.78132,10.1916,30,fr,numero_vert,"Panne à la station de pompage de El Menzah suite à une coupure STEG, plus d'eau depuis 10 jours."
PL-00142,2025-09-03,en_cours,moyenne,,fuite_visible,Fuite visible sur canalisation,-0.29,Jendouba,Bou Salem,rural,36.5137,8.77302,41,tn_arabe,app_mobile,كاين فويت كبيرة في القناة الرئيسية في Bou Salem على خاطر 10 jours، حتى حد ما جا.
PL-00042,2025-09-02,nouveau,moyenne,,facturation,Litige de facturation,-0.39,Sfax,Sakiet Ezzit,urbain,34.77367,10.71897,40,fr,reseaux_sociaux,Ma facture d'eau à Sakiet Ezzit a doublé ce mois-ci sans explication alors que ma consommation n'a pas changé.
PL-00254,2025-08-31,rejete,moyenne,,pression_faible,Pression insuffisante,-0.3,Gabès,El Hamma,mixte,33.90269,10.14175,38,fr,numero_vert,"Pression très basse depuis une semaine à El Hamma, les étages supérieurs n'ont presque plus d'eau."
PL-00241,2025-08-29,en_cours,moyenne,,panne_pompage,Panne de pompage / coupure électrique liée,-0.41,Gafsa,Gafsa Sud,mixte,34.45295,8.7417,45,tn_arabe,app_mobile,فما بان في المحطة تاع البمبج في Gafsa Sud على خاطر الكهرباء، ما فماش ماء من 24 heures.
PL-00062,2025-08-28,en_cours,haute,,coupure_non_signalee,Coupure non signalée,-0.71,Gafsa,Gafsa Nord,mixte,34.4444,8.82454,45,tn_latin,numero_vert,"3andi 3 ayem el ma me9tou3 f Gafsa Nord, Gafsa, w ma7ad y3awedli."
PL-00204,2025-08-28,nouveau,moyenne,,fuite_visible,Fuite visible sur canalisation,-0.3,Ben Arous,Hammam Lif,urbain,36.70916,10.27735,35,tn_latin,reseaux_sociaux,"Kayen fuite kbira fel qanat el ra2isiya f Hammam Lif 3la khater 3 jours, hata 7ad ma ja."
PL-00191,2025-08-26,nouveau,moyenne,,coupure_non_signalee,Coupure non signalée,-0.5,Tunis,El Menzah,urbain,36.84593,10.19891,30,tn_latin,app_mobile,"El ma me9tou3 mel bare7 f El Menzah w hata wa7ed ma 3'awedhna 3likom, chnowa el 7keya?"
PL-00093,2025-08-25,nouveau,haute,,qualite_eau,Qualité de l'eau (goût/odeur/couleur),-0.52,Sousse,Sousse Ville,urbain,35.8402,10.63354,25,ar,agence_locale,الماء الذي يخرج من الصنبور في Sousse Ville له رائحة كبريت وطعم سيء منذ أيام.
PL-00301,2025-08-25,en_cours,haute,,qualite_eau,Qualité de l'eau (goût/odeur/couleur),-0.66,Kairouan,Haffouz,mixte,35.72604,10.07476,44,ar,app_mobile,ماء عكر وأصفر اللون هذا الصباح في Haffouz، لا يمكن شربه أو الطبخ به.
PL-00067,2025-08-24,resolu,moyenne,11.0,retard_intervention,Retard ou absence d'intervention technique,-0.24,Kasserine,Fériana,rural,35.17069,8.87785,50,fr,app_mobile,"Plusieurs appels au numéro vert sans résultat, 10 jours sans intervention à Fériana."
PL-00030,2025-08-23,nouveau,faible,,felicitation,Retour positif / félicitation,0.75,Kasserine,Sbeitla,rural,35.13234,8.79112,50,tn_latin,numero_vert,"Barakallahoufik lel équipe f Sbeitla, jaw ysal7ou fi wa9tha had marra."
PL-00061,2025-08-23,resolu,haute,14.0,panne_pompage,Panne de pompage / coupure électrique liée,-0.56,Tozeur,Degache,rural,33.9077,8.11517,46,tn_latin,agence_locale,"Fama panne fel mahatta ta3 pompage f Degache 3la khater el kahraba, ma famech ma mel 5 jours."
PL-00130,2025-08-23,nouveau,moyenne,,qualite_eau,Qualité de l'eau (goût/odeur/couleur),-0.36,Tunis,El Menzah,urbain,36.84935,10.165,30,tn_latin,app_mobile,"El ma yji asfar w m3aker f El Menzah, ki fama moshkil fel قنوات."
PL-00277,2025-08-21,nouveau,critique,,qualite_eau,Qualité de l'eau (goût/odeur/couleur),-0.73,Gabès,Mareth,mixte,33.92877,10.07049,38,tn_latin,reseaux_sociaux,"El ma yji asfar w m3aker f Mareth, ki fama moshkil fel قنوات."
PL-00071,2025-08-21,nouveau,moyenne,,fuite_visible,Fuite visible sur canalisation,-0.44,Kasserine,Fériana,rural,35.12754,8.85507,50,tn_arabe,reseaux_sociaux,كاين فويت كبيرة في القناة الرئيسية في Fériana على خاطر 2 jours، حتى حد ما جا.
PL-00305,2025-08-20,en_cours,haute,,coupure_non_signalee,Coupure non signalée,-0.46,Kairouan,Haffouz,mixte,35.68077,10.06336,44,ar,app_mobile,لا توجد مياه في الصنبور منذ الصباح في Haffouz، Kairouan. لا معلومات على الإطلاق.
PL-00300,2025-08-19,nouveau,haute,,qualite_eau,Qualité de l'eau (goût/odeur/couleur),-0.47,Ben Arous,Hammam Lif,urbain,36.75095,10.24119,35,ar,app_mobile,ماء عكر وأصفر اللون هذا الصباح في Hammam Lif، لا يمكن شربه أو الطبخ به.
PL-00187,2025-08-19,resolu,moyenne,7.0,pression_faible,Pression insuffisante,-0.48,Kairouan,Hajeb El Ayoun,mixte,35.67046,10.08653,44,ar,agence_locale,ضغط الماء ضعيف جدا في Hajeb El Ayoun، خاصة في المساء، من الصعب ملء الخزانات.
PL-00270,2025-08-19,en_cours,moyenne,,pression_faible,Pression insuffisante,-0.44,Kasserine,Thala,rural,35.21275,8.82221,50,fr,app_mobile,"Pression très basse depuis une semaine à Thala, les étages supérieurs n'ont presque plus d'eau."
PL-00314,2025-08-18,rejete,haute,,retard_intervention,Retard ou absence d'intervention technique,-0.65,Tataouine,Remada,rural,32.94854,10.4173,48,fr,numero_vert,"Plusieurs appels au numéro vert sans résultat, 2 jours sans intervention à Remada."
PL-00288,2025-08-17,resolu,haute,9.0,panne_pompage,Panne de pompage / coupure électrique liée,-0.75,Nabeul,Grombalia,mixte,36.4675,10.7397,27,tn_latin,reseaux_sociaux,"Fama panne fel mahatta ta3 pompage f Grombalia 3la khater el kahraba, ma famech ma mel 48 heures."
PL-00073,2025-08-14,nouveau,moyenne,,retard_intervention,Retard ou absence d'intervention technique,-0.26,Tunis,Bab Bhar,urbain,36.85525,10.18552,30,fr,app_mobile,J'ai signalé le problème il y a 3 jours et toujours aucune intervention de la SONEDE à Bab Bhar.
PL-00080,2025-08-13,en_cours,critique,,panne_pompage,Panne de pompage / coupure électrique liée,-0.72,Sousse,Sousse Ville,urbain,35.8365,10.65698,25,fr,app_mobile,"La station de Sousse Ville semble en panne, aucune eau ne circule dans le quartier depuis 48 heures."
PL-00170,2025-08-13,en_cours,moyenne,,pression_faible,Pression insuffisante,-0.3,Kairouan,Kairouan Nord,mixte,35.66289,10.13085,44,tn_latin,app_mobile,"Dghet el ma d3if barcha f Kairouan Nord, el twabe9 el fou9ania ma3andhomch ma."
PL-00100,2025-08-12,en_cours,moyenne,,fuite_visible,Fuite visible sur canalisation,-0.37,Kairouan,Hajeb El Ayoun,mixte,35.63438,10.12997,44,ar,app_mobile,تسرب مياه كبير وواضح في الأنبوب الرئيسي في Hajeb El Ayoun منذ 48 heures، لم يتدخل أحد بعد.
PL-00250,2025-08-11,en_cours,critique,,coupure_non_signalee,Coupure non signalée,-0.97,Tunis,Le Bardo,urbain,36.82671,10.13608,30,fr,app_mobile,Deuxième coupure cette semaine à Le Bardo sans préavis. C'est devenu insupportable pour les familles.
PL-00274,2025-08-11,resolu,moyenne,3.0,qualite_eau,Qualité de l'eau (goût/odeur/couleur),-0.21,Tunis,El Omrane,urbain,36.80661,10.14056,30,fr,numero_vert,L'eau qui sort du robinet à El Omrane a une odeur de soufre et un goût désagréable depuis quelques jours.
PL-00179,2025-08-10,en_cours,haute,,panne_pompage,Panne de pompage / coupure électrique liée,-0.49,Tataouine,Remada,rural,32.95853,10.49122,48,fr,app_mobile,"La station de Remada semble en panne, aucune eau ne circule dans le quartier depuis 2 jours."
PL-00032,2025-08-09,nouveau,moyenne,,qualite_eau,Qualité de l'eau (goût/odeur/couleur),-0.37,Mahdia,Bou Merdes,mixte,35.48643,11.08773,30,tn_latin,reseaux_sociaux,"El ma yji asfar w m3aker f Bou Merdes, ki fama moshkil fel قنوات."
PL-00123,2025-08-07,en_cours,haute,,qualite_eau,Qualité de l'eau (goût/odeur/couleur),-0.57,Monastir,Monastir Ville,urbain,35.73338,10.8054,24,ar,reseaux_sociaux,الماء الذي يخرج من الصنبور في Monastir Ville له رائحة كبريت وطعم سيء منذ أيام.
PL-00167,2025-08-06,resolu,critique,6.0,qualite_eau,Qualité de l'eau (goût/odeur/couleur),-0.81,Sfax,Sfax Médina,urbain,34.73442,10.77998,40,ar,app_mobile,الماء الذي يخرج من الصنبور في Sfax Médina له رائحة كبريت وطعم سيء منذ أيام.
PL-00055,2025-08-06,nouveau,haute,,panne_pompage,Panne de pompage / coupure électrique liée,-0.71,Médenine,Médenine Nord,mixte,33.32366,10.49168,42,tn_latin,reseaux_sociaux,"Fama panne fel mahatta ta3 pompage f Médenine Nord 3la khater el kahraba, ma famech ma mel 3 jours."
PL-00110,2025-08-06,en_cours,haute,,coupure_non_signalee,Coupure non signalée,-0.58,Kairouan,Sbikha,mixte,35.67898,10.05844,44,fr,agence_locale,"Aucune eau au robinet depuis ce matin à Sbikha, Kairouan. Rien sur les réseaux sociaux, aucune information."
PL-00244,2025-08-06,resolu,haute,8.0,coupure_non_signalee,Coupure non signalée,-0.54,Ariana,Kalâat el-Andalous,urbain,36.89273,10.21344,28,ar,agence_locale,لا توجد مياه في الصنبور منذ الصباح في Kalâat el-Andalous، Ariana. لا معلومات على الإطلاق.
PL-00299,2025-08-06,en_cours,haute,,qualite_eau,Qualité de l'eau (goût/odeur/couleur),-0.66,Kasserine,Sbeitla,rural,35.1649,8.78747,50,fr,app_mobile,"Depuis la vague de chaleur, l'eau à Sbeitla a un goût chimique très fort."
PL-00069,2025-08-05,resolu,haute,7.0,coupure_non_signalee,Coupure non signalée,-0.71,Kairouan,Sbikha,mixte,35.71963,10.06844,44,tn_latin,app_mobile,"3andi 3 ayem el ma me9tou3 f Sbikha, Kairouan, w ma7ad y3awedli."
PL-00177,2025-08-03,resolu,haute,12.0,coupure_non_signalee,Coupure non signalée,-0.67,Médenine,Zarzis,mixte,33.36768,10.49302,42,tn_latin,app_mobile,"El ma me9tou3 mel bare7 f Zarzis w hata wa7ed ma 3'awedhna 3likom, chnowa el 7keya?"
PL-00260,2025-08-03,nouveau,haute,,pression_faible,Pression insuffisante,-0.58,Médenine,Djerba Houmt Souk,mixte,33.30889,10.54836,42,tn_latin,numero_vert,"Dghet el ma d3if barcha f Djerba Houmt Souk, el twabe9 el fou9ania ma3andhomch ma."
PL-00103,2025-08-03,resolu,moyenne,7.0,fuite_visible,Fuite visible sur canalisation,-0.27,Zaghouan,Bir Mcherga,mixte,36.39262,10.17404,33,fr,app_mobile,"Grosse fuite d'eau visible sur la canalisation principale à Bir Mcherga depuis une semaine, personne n'est intervenu."
PL-00136,2025-08-02,nouveau,moyenne,,pression_faible,Pression insuffisante,-0.5,Gabès,Mareth,mixte,33.88789,10.10408,38,ar,app_mobile,ضغط الماء ضعيف جدا في Mareth، خاصة في المساء، من الصعب ملء الخزانات.
PL-00017,2025-08-01,resolu,haute,10.0,coupure_non_signalee,Coupure non signalée,-0.57,Ben Arous,Mornag,urbain,36.75359,10.26347,35,tn_arabe,app_mobile,الماء مقطوع من البارح في Mornag وحتى واحد ما عوضناش عليكم، شنوة الحكاية؟
PL-00072,2025-08-01,en_cours,moyenne,,felicitation,Retour positif / félicitation,0.72,Tataouine,Tataouine Nord,rural,32.88476,10.43515,48,tn_latin,reseaux_sociaux,"Barakallahoufik lel équipe f Tataouine Nord, jaw ysal7ou fi wa9tha had marra."
PL-00002,2025-07-28,nouveau,moyenne,,retard_intervention,Retard ou absence d'intervention technique,-0.42,Tataouine,Remada,rural,32.90174,10.46073,48,fr,numero_vert,J'ai signalé le problème il y a 48 heures et toujours aucune intervention de la SONEDE à Remada.
PL-00121,2025-07-27,nouveau,moyenne,,fuite_visible,Fuite visible sur canalisation,-0.36,Mahdia,Bou Merdes,mixte,35.53896,11.07157,30,ar,app_mobile,تسرب مياه كبير وواضح في الأنبوب الرئيسي في Bou Merdes منذ 48 heures، لم يتدخل أحد بعد.
PL-00210,2025-07-26,resolu,moyenne,1.0,pression_faible,Pression insuffisante,-0.44,Nabeul,Hammamet,mixte,36.44078,10.71955,27,tn_arabe,app_mobile,ضغط الماء ضعيف برشا في Hammamet، الطوابق الفوقانية ما عندهمش ماء.
PL-00040,2025-07-25,resolu,haute,6.0,coupure_non_signalee,Coupure non signalée,-0.65,Tataouine,Tataouine Nord,rural,32.95932,10.45839,48,ar,reseaux_sociaux,لا توجد مياه في الصنبور منذ الصباح في Tataouine Nord، Tataouine. لا معلومات على الإطلاق.
PL-00234,2025-07-25,nouveau,haute,,coupure_non_signalee,Coupure non signalée,-0.61,Kasserine,Sbeitla,rural,35.16656,8.86286,50,tn_latin,app_mobile,"3andi 3 ayem el ma me9tou3 f Sbeitla, Kasserine, w ma7ad y3awedli."
PL-00266,2025-07-25,en_cours,haute,,pression_faible,Pression insuffisante,-0.64,Ariana,Ariana Ville,urbain,36.86598,10.20974,28,tn_latin,app_mobile,"Dghet el ma d3if barcha f Ariana Ville, el twabe9 el fou9ania ma3andhomch ma."
PL-00293,2025-07-24,en_cours,faible,,pression_faible,Pression insuffisante,-0.11,Gabès,El Hamma,mixte,33.85633,10.0575,38,tn_latin,reseaux_sociaux,"Dghet el ma d3if barcha f El Hamma, el twabe9 el fou9ania ma3andhomch ma."
PL-00083,2025-07-24,resolu,moyenne,7.0,coupure_planifiee,Coupure annoncée / rationnement,-0.22,Tunis,El Omrane,urbain,36.80919,10.16234,30,tn_arabe,numero_vert,قالولنا الماء غادي يتقطع ساعتين برك في El Omrane وقطع نهار كامل!
PL-00315,2025-07-23,nouveau,faible,,fuite_visible,Fuite visible sur canalisation,-0.03,Kébili,Kébili Nord,rural,33.70318,8.95077,50,tn_latin,app_mobile,"Kayen fuite kbira fel qanat el ra2isiya f Kébili Nord 3la khater 10 jours, hata 7ad ma ja."
PL-00096,2025-07-23,resolu,moyenne,9.0,retard_intervention,Retard ou absence d'intervention technique,-0.31,Sidi Bouzid,Menzel Bouzaiane,rural,35.04095,9.53153,47,tn_latin,numero_vert,3ayetlkom mel 10 jours w 7ata wa7ed ma ja y3addel el moshkil f Menzel Bouzaiane.
PL-00219,2025-07-22,en_cours,haute,,panne_pompage,Panne de pompage / coupure électrique liée,-0.71,Tunis,El Omrane,urbain,36.84822,10.13274,30,tn_latin,numero_vert,"Fama panne fel mahatta ta3 pompage f El Omrane 3la khater el kahraba, ma famech ma mel 2 jours."
PL-00050,2025-07-20,nouveau,moyenne,,pression_faible,Pression insuffisante,-0.43,Ben Arous,Rades,urbain,36.79569,10.25698,35,tn_latin,app_mobile,"Dghet el ma d3if barcha f Rades, el twabe9 el fou9ania ma3andhomch ma."
PL-00117,2025-07-17,resolu,moyenne,9.0,panne_pompage,Panne de pompage / coupure électrique liée,-0.36,Ariana,Raoued,urbain,36.89385,10.23898,28,fr,app_mobile,"Panne à la station de pompage de Raoued suite à une coupure STEG, plus d'eau depuis 24 heures."
PL-00085,2025-07-16,resolu,critique,2.0,coupure_non_signalee,Coupure non signalée,-0.81,Tataouine,Remada,rural,32.95065,10.44357,48,fr,reseaux_sociaux,"Aucune eau au robinet depuis ce matin à Remada, Tataouine. Rien sur les réseaux sociaux, aucune information."
PL-00128,2025-07-16,en_cours,faible,,facturation,Litige de facturation,-0.15,Mahdia,Mahdia Ville,mixte,35.49539,11.1057,30,ar,reseaux_sociaux,فاتورة الماء تاعي في Mahdia Ville تضاعفت هذا الشهر بدون أي تفسير.
PL-00156,2025-07-14,resolu,faible,5.0,felicitation,Retour positif / félicitation,0.67,Ariana,Soukra,urbain,36.81546,10.17293,28,ar,numero_vert,شكرا للفريق الفني في Soukra على سرعة التدخل هذه المرة.
PL-00198,2025-07-13,nouveau,critique,,coupure_non_signalee,Coupure non signalée,-0.82,Kasserine,Fériana,rural,35.16393,8.87175,50,tn_latin,reseaux_sociaux,"3andi 3 ayem el ma me9tou3 f Fériana, Kasserine, w ma7ad y3awedli."
PL-00060,2025-07-12,en_cours,moyenne,,facturation,Litige de facturation,-0.42,Ariana,Kalâat el-Andalous,urbain,36.81403,10.16002,28,tn_arabe,app_mobile,الفاتورة تاع الماء في Kalâat el-Andalous تضاعفت هاد الشهر بلا أي تفسير.
PL-00104,2025-07-11,resolu,faible,14.0,suggestion,Suggestion d'amélioration,0.11,Jendouba,Ghardimaou,rural,36.54056,8.76896,41,ar,numero_vert,سيكون من المفيد تركيز عدادات ذكية في Ghardimaou لاكتشاف التسربات بسرعة أكبر.
PL-00024,2025-07-11,en_cours,haute,,coupure_non_signalee,Coupure non signalée,-0.47,Jendouba,Bou Salem,rural,36.47778,8.80904,41,tn_arabe,reseaux_sociaux,عندي 3 أيام الماء مقطوع في Bou Salem، Jendouba، وما حدش يعاودلي.
PL-00287,2025-07-11,nouveau,moyenne,,coupure_non_signalee,Coupure non signalée,-0.37,Kairouan,Kairouan Nord,mixte,35.64417,10.14276,44,fr,app_mobile,Coupure d'eau depuis 24 heures à Kairouan Nord sans aucune annonce de la SONEDE. On ne sait même pas quand ça reviendra.
PL-00132,2025-07-10,nouveau,haute,,qualite_eau,Qualité de l'eau (goût/odeur/couleur),-0.58,Médenine,Djerba Houmt Souk,mixte,33.30558,10.49386,42,fr,app_mobile,"Eau trouble et jaunâtre au robinet ce matin à Djerba Houmt Souk, impossible de la boire ou de cuisiner avec."
PL-00207,2025-07-10,nouveau,haute,,panne_pompage,Panne de pompage / coupure électrique liée,-0.64,Nabeul,Kelibia,mixte,36.41206,10.70237,27,fr,numero_vert,"Panne à la station de pompage de Kelibia suite à une coupure STEG, plus d'eau depuis 10 jours."
PL-00208,2025-07-10,resolu,haute,12.0,pression_faible,Pression insuffisante,-0.58,Sfax,Sakiet Ezzit,urbain,34.76384,10.75399,40,ar,numero_vert,ضغط الماء ضعيف جدا في Sakiet Ezzit، خاصة في المساء، من الصعب ملء الخزانات.
PL-00306,2025-07-10,en_cours,haute,,qualite_eau,Qualité de l'eau (goût/odeur/couleur),-0.66,Médenine,Ben Guerdane,mixte,33.35725,10.51945,42,ar,app_mobile,الماء الذي يخرج من الصنبور في Ben Guerdane له رائحة كبريت وطعم سيء منذ أيام.
PL-00084,2025-07-10,en_cours,moyenne,,fuite_visible,Fuite visible sur canalisation,-0.28,Kasserine,Thala,rural,35.17086,8.80951,50,tn_latin,app_mobile,"Kayen fuite kbira fel qanat el ra2isiya f Thala 3la khater 2 jours, hata 7ad ma ja."
PL-00316,2025-07-10,en_cours,moyenne,,fuite_visible,Fuite visible sur canalisation,-0.24,Ariana,Soukra,urbain,36.86677,10.19461,28,ar,reseaux_sociaux,تسرب مياه كبير وواضح في الأنبوب الرئيسي في Soukra منذ 48 heures، لم يتدخل أحد بعد.
PL-00153,2025-07-09,en_cours,faible,,facturation,Litige de facturation,-0.04,Sidi Bouzid,Menzel Bouzaiane,rural,35.08593,9.53228,47,tn_arabe,app_mobile,الفاتورة تاع الماء في Menzel Bouzaiane تضاعفت هاد الشهر بلا أي تفسير.
PL-00014,2025-07-09,nouveau,moyenne,,retard_intervention,Retard ou absence d'intervention technique,-0.46,Nabeul,Nabeul Ville,mixte,36.41216,10.76042,27,fr,app_mobile,J'ai signalé le problème il y a 3 jours et toujours aucune intervention de la SONEDE à Nabeul Ville.
PL-00172,2025-07-08,nouveau,haute,,fuite_visible,Fuite visible sur canalisation,-0.6,Gafsa,El Ksar,mixte,34.47138,8.78474,45,tn_latin,app_mobile,"Kayen fuite kbira fel qanat el ra2isiya f El Ksar 3la khater 48 heures, hata 7ad ma ja."
PL-00108,2025-07-08,en_cours,moyenne,,retard_intervention,Retard ou absence d'intervention technique,-0.23,Médenine,Ben Guerdane,mixte,33.39625,10.46728,42,tn_latin,app_mobile,3ayetlkom mel 5 jours w 7ata wa7ed ma ja y3addel el moshkil f Ben Guerdane.
PL-00290,2025-07-08,en_cours,moyenne,,coupure_planifiee,Coupure annoncée / rationnement,-0.42,Tunis,Le Bardo,urbain,36.79125,10.21305,30,tn_arabe,app_mobile,قالولنا الماء غادي يتقطع ساعتين برك في Le Bardo وقطع نهار كامل!
PL-00037,2025-07-06,rejete,critique,,qualite_eau,Qualité de l'eau (goût/odeur/couleur),-0.98,Sidi Bouzid,Regueb,rural,35.01603,9.53002,47,tn_latin,app_mobile,"El ma yji asfar w m3aker f Regueb, ki fama moshkil fel قنوات."
PL-00010,2025-07-06,nouveau,faible,,retard_intervention,Retard ou absence d'intervention technique,0.03,Médenine,Médenine Nord,mixte,33.39781,10.54337,42,ar,app_mobile,بلغت عن المشكل منذ 3 jours وحتى الآن لا يوجد أي تدخل من الشركة في Médenine Nord.
PL-00190,2025-07-06,nouveau,haute,,retard_intervention,Retard ou absence d'intervention technique,-0.58,Tunis,El Menzah,urbain,36.83364,10.13444,30,fr,app_mobile,J'ai signalé le problème il y a une semaine et toujours aucune intervention de la SONEDE à El Menzah.
PL-00230,2025-07-05,nouveau,haute,,panne_pompage,Panne de pompage / coupure électrique liée,-0.66,Nabeul,Hammamet,mixte,36.44042,10.75894,27,tn_latin,numero_vert,"Fama panne fel mahatta ta3 pompage f Hammamet 3la khater el kahraba, ma famech ma mel 48 heures."
PL-00269,2025-07-04,en_cours,critique,,coupure_non_signalee,Coupure non signalée,-0.7,Gafsa,Gafsa Nord,mixte,34.43669,8.75947,45,tn_latin,numero_vert,"El ma me9tou3 mel bare7 f Gafsa Nord w hata wa7ed ma 3'awedhna 3likom, chnowa el 7keya?"
PL-00303,2025-07-03,nouveau,critique,,coupure_non_signalee,Coupure non signalée,-0.98,Tataouine,Remada,rural,32.9211,10.42019,48,tn_latin,app_mobile,"3andi 3 ayem el ma me9tou3 f Remada, Tataouine, w ma7ad y3awedli."
PL-00192,2025-07-03,nouveau,haute,,coupure_planifiee,Coupure annoncée / rationnement,-0.58,Béja,Testour,rural,36.74117,9.15415,39,tn_arabe,numero_vert,قالولنا الماء غادي يتقطع ساعتين برك في Testour وقطع نهار كامل!
PL-00317,2025-07-03,en_cours,haute,,pression_faible,Pression insuffisante,-0.64,Kébili,Souk Lahad,rural,33.69111,8.91917,50,ar,app_mobile,ضغط الماء ضعيف جدا في Souk Lahad، خاصة في المساء، من الصعب ملء الخزانات.
PL-00231,2025-07-02,resolu,faible,14.0,pression_faible,Pression insuffisante,-0.12,Nabeul,Hammamet,mixte,36.50079,10.77756,27,fr,app_mobile,"La pression de l'eau est très faible à Hammamet, surtout le soir, impossible de remplir les réservoirs."
PL-00016,2025-07-02,nouveau,moyenne,,retard_intervention,Retard ou absence d'intervention technique,-0.43,Médenine,Ben Guerdane,mixte,33.37456,10.52855,42,tn_latin,numero_vert,3ayetlkom mel 3 jours w 7ata wa7ed ma ja y3addel el moshkil f Ben Guerdane.
PL-00134,2025-07-02,nouveau,moyenne,,retard_intervention,Retard ou absence d'intervention technique,-0.29,Gabès,Mareth,mixte,33.90724,10.1284,38,tn_latin,numero_vert,3ayetlkom mel 5 jours w 7ata wa7ed ma ja y3addel el moshkil f Mareth.
PL-00068,2025-07-01,en_cours,critique,,coupure_non_signalee,Coupure non signalée,-0.8,Mahdia,Bou Merdes,mixte,35.49128,11.09127,30,ar,reseaux_sociaux,لا توجد مياه في الصنبور منذ الصباح في Bou Merdes، Mahdia. لا معلومات على الإطلاق.
PL-00048,2025-07-01,en_cours,moyenne,,coupure_planifiee,Coupure annoncée / rationnement,-0.32,Gafsa,El Ksar,mixte,34.43563,8.81327,45,ar,numero_vert,تم الإعلان عن ترشيد المياه في El Ksar لكن التوقيت غير محترم، بقينا بدون ماء أكثر من المتوقع.
PL-00135,2025-06-29,nouveau,haute,,qualite_eau,Qualité de l'eau (goût/odeur/couleur),-0.58,Béja,Béja Nord,rural,36.73287,9.14669,39,ar,app_mobile,الماء الذي يخرج من الصنبور في Béja Nord له رائحة كبريت وطعم سيء منذ أيام.
PL-00257,2025-06-25,resolu,moyenne,7.0,fuite_visible,Fuite visible sur canalisation,-0.26,Kébili,Kébili Nord,rural,33.71601,8.98665,50,fr,numero_vert,"Une fuite inonde la rue à Kébili Nord, énorme gaspillage d'eau potable alors qu'on est en pénurie."
PL-00236,2025-06-24,resolu,critique,1.0,coupure_non_signalee,Coupure non signalée,-0.95,Gabès,El Hamma,mixte,33.87487,10.11688,38,tn_arabe,reseaux_sociaux,عندي 3 أيام الماء مقطوع في El Hamma، Gabès، وما حدش يعاودلي.
PL-00164,2025-06-23,en_cours,critique,,qualite_eau,Qualité de l'eau (goût/odeur/couleur),-0.8,Gabès,Mareth,mixte,33.88586,10.12727,38,tn_arabe,numero_vert,الماء في Mareth ريحتو خايبة وطعمو غريب، خايفين نشربوه.
PL-00318,2025-06-23,nouveau,haute,,panne_pompage,Panne de pompage / coupure électrique liée,-0.65,Gabès,Mareth,mixte,33.85049,10.11652,38,fr,numero_vert,"La station de Mareth semble en panne, aucune eau ne circule dans le quartier depuis une semaine."
PL-00312,2025-06-22,en_cours,haute,,fuite_visible,Fuite visible sur canalisation,-0.66,Mahdia,Mahdia Ville,mixte,35.50078,11.0893,30,tn_arabe,numero_vert,كاين فويت كبيرة في القناة الرئيسية في Mahdia Ville على خاطر 24 heures، حتى حد ما جا.
PL-00003,2025-06-22,en_cours,moyenne,,fuite_visible,Fuite visible sur canalisation,-0.25,Sfax,Thyna,urbain,34.77131,10.78327,40,tn_arabe,reseaux_sociaux,كاين فويت كبيرة في القناة الرئيسية في Thyna على خاطر 2 jours، حتى حد ما جا.
PL-00022,2025-06-21,nouveau,faible,,facturation,Litige de facturation,-0.12,Tataouine,Tataouine Nord,rural,32.88722,10.49011,48,ar,app_mobile,فاتورة الماء تاعي في Tataouine Nord تضاعفت هذا الشهر بدون أي تفسير.
PL-00122,2025-06-19,en_cours,moyenne,,pression_faible,Pression insuffisante,-0.36,Tataouine,Tataouine Nord,rural,32.93939,10.42835,48,tn_arabe,numero_vert,ضغط الماء ضعيف برشا في Tataouine Nord، الطوابق الفوقانية ما عندهمش ماء.
PL-00289,2025-06-18,en_cours,haute,,pression_faible,Pression insuffisante,-0.64,Sousse,Kalâa Kebira,urbain,35.843,10.62717,25,tn_arabe,numero_vert,ضغط الماء ضعيف برشا في Kalâa Kebira، الطوابق الفوقانية ما عندهمش ماء.
PL-00012,2025-06-17,en_cours,haute,,qualite_eau,Qualité de l'eau (goût/odeur/couleur),-0.73,Sfax,Sfax Ouest,urbain,34.7027,10.73277,40,tn_latin,app_mobile,"El ma f Sfax Ouest rihtou khayba w toumou ghrib, khayfin nchorbouh."
PL-00027,2025-06-14,resolu,faible,11.0,suggestion,Suggestion d'amélioration,0.1,Sousse,Msaken,urbain,35.81873,10.68609,25,tn_latin,app_mobile,Ya7sen ki tzidou capteurs f Msaken bech na3rfou b sre3a fama fuite wela le.
PL-00077,2025-06-14,rejete,haute,,qualite_eau,Qualité de l'eau (goût/odeur/couleur),-0.67,Ariana,Raoued,urbain,36.85388,10.22834,28,tn_latin,numero_vert,"El ma yji asfar w m3aker f Raoued, ki fama moshkil fel قنوات."
PL-00107,2025-06-14,nouveau,haute,,qualite_eau,Qualité de l'eau (goût/odeur/couleur),-0.66,Ben Arous,Rades,urbain,36.77121,10.27308,35,tn_latin,agence_locale,"El ma f Rades rihtou khayba w toumou ghrib, khayfin nchorbouh."
PL-00097,2025-06-14,en_cours,moyenne,,qualite_eau,Qualité de l'eau (goût/odeur/couleur),-0.43,Tozeur,Nefta,rural,33.87809,8.09953,46,ar,app_mobile,ماء عكر وأصفر اللون هذا الصباح في Nefta، لا يمكن شربه أو الطبخ به.
PL-00099,2025-06-14,en_cours,moyenne,,coupure_non_signalee,Coupure non signalée,-0.32,Gafsa,El Ksar,mixte,34.41986,8.73473,45,fr,numero_vert,Coupure d'eau depuis 5 jours à El Ksar sans aucune annonce de la SONEDE. On ne sait même pas quand ça reviendra.
PL-00213,2025-06-13,resolu,critique,10.0,coupure_non_signalee,Coupure non signalée,-0.78,Ariana,Raoued,urbain,36.87323,10.18902,28,ar,app_mobile,انقطاع المياه منذ 24 heures في Raoued دون أي إعلان مسبق من الشركة.
PL-00206,2025-06-11,en_cours,faible,,suggestion,Suggestion d'amélioration,-0.08,Tataouine,Ghomrassen,rural,32.96337,10.48284,48,ar,app_mobile,سيكون من المفيد تركيز عدادات ذكية في Ghomrassen لاكتشاف التسربات بسرعة أكبر.
PL-00038,2025-06-10,nouveau,critique,,coupure_non_signalee,Coupure non signalée,-0.83,Kairouan,Kairouan Nord,mixte,35.72306,10.06624,44,fr,numero_vert,Coupure d'eau depuis 24 heures à Kairouan Nord sans aucune annonce de la SONEDE. On ne sait même pas quand ça reviendra.
PL-00211,2025-06-10,en_cours,haute,,fuite_visible,Fuite visible sur canalisation,-0.51,Ariana,Kalâat el-Andalous,urbain,36.90941,10.23406,28,ar,numero_vert,تسرب مياه كبير وواضح في الأنبوب الرئيسي في Kalâat el-Andalous منذ 2 jours، لم يتدخل أحد بعد.
PL-00272,2025-06-10,en_cours,moyenne,,retard_intervention,Retard ou absence d'intervention technique,-0.28,Tunis,El Menzah,urbain,36.77408,10.19216,30,tn_arabe,numero_vert,عيطتلكم من 5 jours وحتى واحد ما جا يعدل المشكل في El Menzah.
PL-00168,2025-06-09,nouveau,haute,,coupure_non_signalee,Coupure non signalée,-0.57,Tataouine,Remada,rural,32.90289,10.4423,48,tn_latin,numero_vert,"3andi 3 ayem el ma me9tou3 f Remada, Tataouine, w ma7ad y3awedli."
PL-00296,2025-06-07,en_cours,faible,,fuite_visible,Fuite visible sur canalisation,-0.04,Ben Arous,Mornag,urbain,36.75113,10.23228,35,ar,numero_vert,تسرب مياه كبير وواضح في الأنبوب الرئيسي في Mornag منذ 24 heures، لم يتدخل أحد بعد.
PL-00180,2025-06-07,resolu,haute,8.0,coupure_non_signalee,Coupure non signalée,-0.66,Gafsa,Métlaoui,mixte,34.38433,8.77024,45,tn_latin,app_mobile,"El ma me9tou3 mel bare7 f Métlaoui w hata wa7ed ma 3'awedhna 3likom, chnowa el 7keya?"
PL-00255,2025-06-07,nouveau,haute,,fuite_visible,Fuite visible sur canalisation,-0.5,Sousse,Msaken,urbain,35.84664,10.66728,25,tn_latin,reseaux_sociaux,"Kayen fuite kbira fel qanat el ra2isiya f Msaken 3la khater 48 heures, hata 7ad ma ja."
PL-00199,2025-06-05,en_cours,critique,,coupure_non_signalee,Coupure non signalée,-0.93,Gabès,El Hamma,mixte,33.85752,10.14727,38,ar,reseaux_sociaux,لا توجد مياه في الصنبور منذ الصباح في El Hamma، Gabès. لا معلومات على الإطلاق.
PL-00131,2025-06-05,en_cours,haute,,coupure_planifiee,Coupure annoncée / rationnement,-0.56,Kairouan,Haffouz,mixte,35.62951,10.08001,44,tn_latin,app_mobile,9alolna el ma ghadi yet9ata3 sa3tin bark f Haffouz w 9ta3 nhar kamel!
PL-00243,2025-06-04,en_cours,critique,,coupure_non_signalee,Coupure non signalée,-0.79,Tunis,El Menzah,urbain,36.79376,10.16577,30,ar,app_mobile,لا توجد مياه في الصنبور منذ الصباح في El Menzah، Tunis. لا معلومات على الإطلاق.
PL-00309,2025-06-04,en_cours,critique,,coupure_non_signalee,Coupure non signalée,-0.92,Kairouan,Sbikha,mixte,35.66939,10.13165,44,fr,app_mobile,Deuxième coupure cette semaine à Sbikha sans préavis. C'est devenu insupportable pour les familles.
PL-00086,2025-06-04,nouveau,haute,,qualite_eau,Qualité de l'eau (goût/odeur/couleur),-0.6,Kasserine,Thala,rural,35.17,8.82608,50,ar,app_mobile,ماء عكر وأصفر اللون هذا الصباح في Thala، لا يمكن شربه أو الطبخ به.
PL-00127,2025-06-03,nouveau,moyenne,,fuite_visible,Fuite visible sur canalisation,-0.28,Gafsa,Gafsa Nord,mixte,34.39925,8.80118,45,tn_latin,numero_vert,"Kayen fuite kbira fel qanat el ra2isiya f Gafsa Nord 3la khater 2 jours, hata 7ad ma ja."
PL-00313,2025-06-02,nouveau,haute,,coupure_non_signalee,Coupure non signalée,-0.62,Gabès,Gabès Ville,mixte,33.85683,10.11205,38,tn_arabe,numero_vert,الماء مقطوع من البارح في Gabès Ville وحتى واحد ما عوضناش عليكم، شنوة الحكاية؟
PL-00102,2025-06-02,resolu,moyenne,6.0,retard_intervention,Retard ou absence d'intervention technique,-0.46,Sfax,Thyna,urbain,34.77195,10.72781,40,ar,reseaux_sociaux,بلغت عن المشكل منذ 48 heures وحتى الآن لا يوجد أي تدخل من الشركة في Thyna.
PL-00009,2025-06-01,rejete,moyenne,,pression_faible,Pression insuffisante,-0.45,Tunis,Bab Bhar,urbain,36.80727,10.14214,30,tn_latin,reseaux_sociaux,"Dghet el ma d3if barcha f Bab Bhar, el twabe9 el fou9ania ma3andhomch ma."
PL-00049_AUG,2026-08-28,resolu,haute,8.0,coupure_non_signalee,Coupure non signalée,-0.63,Nabeul,Hammamet,mixte,36.46865,10.71406,27,fr,app_mobile,Je signale que deuxième coupure cette semaine à hammamet sans préavis. c'est devenu insupportable pour les familles.
PL-00249_AUG,2026-08-26,nouveau,critique,,qualite_eau,Qualité de l'eau (goût/odeur/couleur),-0.79,Sfax,Sfax Médina,urbain,34.77226,10.79473,40,tn_latin,numero_vert,"Choufouna hal el ma yji asfar w m3aker f sfax médina, ki fama moshkil fel قنوات."
PL-00139_AUG,2026-08-25,nouveau,haute,,qualite_eau,Qualité de l'eau (goût/odeur/couleur),-0.7,Sidi Bouzid,Regueb,rural,35.0345,9.50681,47,ar,reseaux_sociaux,أبلغ عن الماء الذي يخرج من الصنبور في Regueb له رائحة كبريت وطعم سيء منذ أيام.
PL-00194_AUG,2026-08-24,resolu,moyenne,5.0,retard_intervention,Retard ou absence d'intervention technique,-0.4,Mahdia,Mahdia Ville,mixte,35.52795,11.06686,30,fr,reseaux_sociaux,"Svp, plusieurs appels au numéro vert sans résultat, 2 jours sans intervention à mahdia ville."
PL-00021_AUG,2026-08-23,resolu,faible,7.0,facturation,Litige de facturation,-0.25,Kairouan,Sbikha,mixte,35.67864,10.07141,44,fr,numero_vert,"Svp, ma facture d'eau à sbikha a doublé ce mois-ci sans explication alors que ma consommation n'a pas changé."
PL-00043_AUG,2026-08-23,resolu,moyenne,8.0,panne_pompage,Panne de pompage / coupure électrique liée,-0.47,Sfax,Thyna,urbain,34.72463,10.79833,40,fr,app_mobile,"Problème: panne à la station de pompage de thyna suite à une coupure steg, plus d'eau depuis 5 jours."
PL-00175_AUG,2026-08-22,en_cours,haute,,coupure_non_signalee,Coupure non signalée,-0.67,Jendouba,Ghardimaou,rural,36.4677,8.74422,41,fr,app_mobile,Urgent: coupure d'eau depuis 5 jours à ghardimaou sans aucune annonce de la sonede. on ne sait même pas quand ça reviendra.
PL-00247_AUG,2026-08-21,en_cours,moyenne,,pression_faible,Pression insuffisante,-0.26,Sfax,Thyna,urbain,34.69564,10.73257,40,ar,reseaux_sociaux,الرجاء التدخل، ضغط الماء ضعيف جدا في Thyna، خاصة في المساء، من الصعب ملء الخزانات.
PL-00281_AUG,2026-08-20,resolu,haute,1.0,qualite_eau,Qualité de l'eau (goût/odeur/couleur),-0.48,Sousse,Hammam Sousse,urbain,35.83525,10.59808,25,fr,reseaux_sociaux,Je signale que l'eau qui sort du robinet à hammam sousse a une odeur de soufre et un goût désagréable depuis quelques jours.
PL-00284_AUG,2026-08-19,resolu,moyenne,5.0,retard_intervention,Retard ou absence d'intervention technique,-0.3,Gabès,El Hamma,mixte,33.8504,10.11911,38,tn_latin,app_mobile,Belehi 3ayetlkom mel 5 jours w 7ata wa7ed ma ja y3addel el moshkil f el hamma.
PL-00154_AUG,2026-08-18,resolu,critique,6.0,coupure_non_signalee,Coupure non signalée,-0.75,Tunis,El Menzah,urbain,36.77444,10.21654,30,fr,app_mobile,"Bonjour, coupure d'eau depuis 10 jours à el menzah sans aucune annonce de la sonede. on ne sait même pas quand ça reviendra."
PL-00163_AUG,2026-08-13,resolu,haute,9.0,retard_intervention,Retard ou absence d'intervention technique,-0.68,Kasserine,Fériana,rural,35.20073,8.79342,50,tn_latin,numero_vert,Urgent 3ayetlkom mel 3 jours w 7ata wa7ed ma ja y3addel el moshkil f fériana.
PL-00285_AUG,2026-08-12,nouveau,faible,,felicitation,Retour positif / félicitation,0.72,Tunis,El Omrane,urbain,36.81297,10.19269,30,ar,numero_vert,السلام عليكم، شكرا للفريق الفني في El Omrane على سرعة التدخل هذه المرة.
PL-00119_AUG,2026-08-12,nouveau,moyenne,,qualite_eau,Qualité de l'eau (goût/odeur/couleur),-0.3,Ariana,Raoued,urbain,36.84875,10.17446,28,ar,agence_locale,مشكلة: ماء عكر وأصفر اللون هذا الصباح في Raoued، لا يمكن شربه أو الطبخ به.
PL-00218_AUG,2026-08-11,resolu,faible,14.0,felicitation,Retour positif / félicitation,0.63,Monastir,Monastir Ville,urbain,35.72692,10.80364,24,ar,reseaux_sociaux,أبلغ عن شكرا للفريق الفني في Monastir Ville على سرعة التدخل هذه المرة.
PL-00078_AUG,2026-08-10,resolu,moyenne,6.0,pression_faible,Pression insuffisante,-0.39,Gafsa,Métlaoui,mixte,34.45618,8.78984,45,tn_latin,numero_vert,"Aman dghet el ma d3if barcha f métlaoui, el twabe9 el fou9ania ma3andhomch ma."
PL-00182_AUG,2026-08-07,en_cours,faible,,retard_intervention,Retard ou absence d'intervention technique,-0.21,Gafsa,Métlaoui,mixte,34.4631,8.74791,45,tn_latin,app_mobile,Urgent 3ayetlkom mel 48 heures w 7ata wa7ed ma ja y3addel el moshkil f métlaoui.
PL-00173_AUG,2026-08-07,resolu,moyenne,7.0,retard_intervention,Retard ou absence d'intervention technique,-0.27,Gabès,Métouia,mixte,33.90957,10.10477,38,ar,app_mobile,أبلغ عن بلغت عن المشكل منذ 5 jours وحتى الآن لا يوجد أي تدخل من الشركة في Métouia.
PL-00113_AUG,2026-08-02,en_cours,moyenne,,pression_faible,Pression insuffisante,-0.34,Gabès,El Hamma,mixte,33.91609,10.07326,38,tn_latin,app_mobile,"Urgent dghet el ma d3if barcha f el hamma, el twabe9 el fou9ania ma3andhomch ma."
PL-00320_AUG,2026-08-02,en_cours,moyenne,,retard_intervention,Retard ou absence d'intervention technique,-0.22,Ben Arous,Rades,urbain,36.76887,10.27104,35,ar,app_mobile,السلام عليكم، بلغت عن المشكل منذ une semaine وحتى الآن لا يوجد أي تدخل من الشركة في Rades.
PL-00013_AUG,2026-07-28,nouveau,haute,,fuite_visible,Fuite visible sur canalisation,-0.51,Ben Arous,Rades,urbain,36.73115,10.22674,35,tn_latin,app_mobile,"Urgent kayen fuite kbira fel qanat el ra2isiya f rades 3la khater 3 jours, hata 7ad ma ja."
PL-00125_AUG,2026-07-27,resolu,moyenne,6.0,retard_intervention,Retard ou absence d'intervention technique,-0.33,Tataouine,Ghomrassen,rural,32.97385,10.50003,48,tn_latin,numero_vert,Urgent 3ayetlkom mel une semaine w 7ata wa7ed ma ja y3addel el moshkil f ghomrassen.
PL-00023_AUG,2026-07-26,resolu,faible,11.0,fuite_visible,Fuite visible sur canalisation,0.04,Kasserine,Sbeitla,rural,35.18429,8.82187,50,tn_arabe,reseaux_sociaux,أبلغ عن كاين فويت كبيرة في القناة الرئيسية في Sbeitla على خاطر 3 jours، حتى حد ما جا.
PL-00015_AUG,2026-07-26,resolu,moyenne,13.0,retard_intervention,Retard ou absence d'intervention technique,-0.36,Jendouba,Jendouba Nord,rural,36.45616,8.83023,41,tn_arabe,reseaux_sociaux,أبلغ عن عيطتلكم من 3 jours وحتى واحد ما جا يعدل المشكل في Jendouba Nord.
PL-00095_AUG,2026-07-25,resolu,haute,5.0,panne_pompage,Panne de pompage / coupure électrique liée,-0.46,Ariana,Raoued,urbain,36.90946,10.20666,28,tn_latin,reseaux_sociaux,"Choufouna hal fama panne fel mahatta ta3 pompage f raoued 3la khater el kahraba, ma famech ma mel 5 jours."
PL-00235_AUG,2026-07-24,en_cours,haute,,panne_pompage,Panne de pompage / coupure électrique liée,-0.63,Tozeur,Tozeur Ville,rural,33.87149,8.08391,46,fr,app_mobile,"Bonjour, la station de tozeur ville semble en panne, aucune eau ne circule dans le quartier depuis une semaine."
PL-00025_AUG,2026-07-24,nouveau,moyenne,,pression_faible,Pression insuffisante,-0.21,Tunis,El Menzah,urbain,36.85319,10.15941,30,ar,agence_locale,مشكلة: ضغط الماء ضعيف جدا في El Menzah، خاصة في المساء، من الصعب ملء الخزانات.
PL-00302_AUG,2026-07-24,nouveau,moyenne,,retard_intervention,Retard ou absence d'intervention technique,-0.4,Zaghouan,Nadhour,mixte,36.41593,10.14966,33,fr,app_mobile,Je signale que j'ai signalé le problème il y a une semaine et toujours aucune intervention de la sonede à nadhour.
PL-00152_AUG,2026-07-21,en_cours,haute,,coupure_non_signalee,Coupure non signalée,-0.64,Kasserine,Sbeitla,rural,35.1476,8.86931,50,tn_arabe,numero_vert,أبلغ عن الماء مقطوع من البارح في Sbeitla وحتى واحد ما عوضناش عليكم، شنوة الحكاية؟
PL-00063_AUG,2026-07-19,en_cours,haute,,coupure_planifiee,Coupure annoncée / rationnement,-0.48,Sfax,Sakiet Ezzit,urbain,34.74037,10.76862,40,tn_latin,app_mobile,Belehi 9alolna el ma ghadi yet9ata3 sa3tin bark f sakiet ezzit w 9ta3 nhar kamel!
PL-00106_AUG,2026-07-13,resolu,haute,10.0,qualite_eau,Qualité de l'eau (goût/odeur/couleur),-0.57,Ariana,Ariana Ville,urbain,36.82,10.20935,28,tn_latin,app_mobile,"Billehi el ma f ariana ville rihtou khayba w toumou ghrib, khayfin nchorbouh."
PL-00229_AUG,2026-07-13,nouveau,moyenne,,coupure_planifiee,Coupure annoncée / rationnement,-0.46,Jendouba,Fernana,rural,36.46994,8.78203,41,fr,app_mobile,Je signale que la coupure programmée à fernana dure bien plus longtemps que l'annonce initiale.
PL-00036_AUG,2026-07-11,en_cours,haute,,fuite_visible,Fuite visible sur canalisation,-0.71,Nabeul,Grombalia,mixte,36.49805,10.78567,27,tn_arabe,app_mobile,الرجاء التدخل، كاين فويت كبيرة في القناة الرئيسية في Grombalia على خاطر 2 jours، حتى حد ما جا.
PL-00160_AUG,2026-07-11,resolu,haute,7.0,panne_pompage,Panne de pompage / coupure électrique liée,-0.66,Médenine,Médenine Nord,mixte,33.34101,10.54992,42,ar,app_mobile,الرجاء التدخل، عطل في محطة الضخ في Médenine Nord بسبب انقطاع الكهرباء، لا ماء منذ 24 heures.
PL-00265_AUG,2026-07-11,resolu,haute,1.0,coupure_non_signalee,Coupure non signalée,-0.73,Ben Arous,Rades,urbain,36.70568,10.24989,35,fr,reseaux_sociaux,Problème: coupure d'eau depuis 10 jours à rades sans aucune annonce de la sonede. on ne sait même pas quand ça reviendra.
PL-00159_AUG,2026-07-10,en_cours,faible,,suggestion,Suggestion d'amélioration,-0.04,Sidi Bouzid,Menzel Bouzaiane,rural,35.07831,9.52542,47,tn_latin,app_mobile,Billehi ya7sen ki tzidou capteurs f menzel bouzaiane bech na3rfou b sre3a fama fuite wela le.
PL-00215_AUG,2026-07-09,resolu,moyenne,4.0,fuite_visible,Fuite visible sur canalisation,-0.44,Médenine,Médenine Nord,mixte,33.33574,10.49525,42,tn_latin,app_mobile,"Belehi kayen fuite kbira fel qanat el ra2isiya f médenine nord 3la khater 48 heures, hata 7ad ma ja."
PL-00246_AUG,2026-07-08,en_cours,faible,,facturation,Litige de facturation,-0.1,Médenine,Ben Guerdane,mixte,33.31977,10.53814,42,tn_latin,app_mobile,Aman el factura ta3 el ma f ben guerdane tdha3fet had chahar bla ay tafsir.
PL-00056_AUG,2026-07-08,resolu,moyenne,8.0,felicitation,Retour positif / félicitation,0.56,Tunis,El Menzah,urbain,36.81173,10.14082,30,tn_arabe,app_mobile,عاجل: بارك الله فيكم للفريق في El Menzah، جاو يصلحوا في وقتها هاد المرة.
PL-00114_AUG,2026-07-08,nouveau,moyenne,,retard_intervention,Retard ou absence d'intervention technique,-0.31,Kébili,Kébili Nord,rural,33.66252,9.01395,50,fr,reseaux_sociaux,Problème: j'ai signalé le problème il y a 10 jours et toujours aucune intervention de la sonede à kébili nord.
PL-00143_AUG,2026-07-03,nouveau,moyenne,,retard_intervention,Retard ou absence d'intervention technique,-0.46,Médenine,Djerba Houmt Souk,mixte,33.33497,10.52626,42,tn_arabe,app_mobile,مشكلة: عيطتلكم من 24 heures وحتى واحد ما جا يعدل المشكل في Djerba Houmt Souk.
PL-00118_AUG,2026-07-02,en_cours,haute,,coupure_non_signalee,Coupure non signalée,-0.5,Médenine,Djerba Houmt Souk,mixte,33.32641,10.49079,42,ar,reseaux_sociaux,أبلغ عن لا توجد مياه في الصنبور منذ الصباح في Djerba Houmt Souk، Médenine. لا معلومات على الإطلاق.
PL-00064_AUG,2026-07-01,en_cours,haute,,qualite_eau,Qualité de l'eau (goût/odeur/couleur),-0.58,Tunis,El Omrane,urbain,36.82553,10.17718,30,tn_arabe,agence_locale,السلام عليكم، الماء يجي أصفر ومعكر في El Omrane، كيفما فما مشكل في القنوات.
PL-00079_AUG,2026-06-28,resolu,haute,10.0,retard_intervention,Retard ou absence d'intervention technique,-0.58,Gafsa,Gafsa Nord,mixte,34.39047,8.78242,45,ar,reseaux_sociaux,السلام عليكم، بلغت عن المشكل منذ 2 jours وحتى الآن لا يوجد أي تدخل من الشركة في Gafsa Nord.
PL-00059_AUG,2026-06-28,resolu,moyenne,14.0,coupure_non_signalee,Coupure non signalée,-0.26,Kasserine,Thala,rural,35.14096,8.86405,50,tn_latin,app_mobile,"Urgent 3andi 3 ayem el ma me9tou3 f thala, kasserine, w ma7ad y3awedli."
PL-00034_AUG,2026-06-27,resolu,faible,8.0,fuite_visible,Fuite visible sur canalisation,-0.07,Nabeul,Nabeul Ville,mixte,36.44759,10.72069,27,fr,reseaux_sociaux,"Problème: une fuite inonde la rue à nabeul ville, énorme gaspillage d'eau potable alors qu'on est en pénurie."
PL-00140_AUG,2026-06-27,nouveau,haute,,pression_faible,Pression insuffisante,-0.63,Zaghouan,Zaghouan Ville,mixte,36.37687,10.09923,33,ar,app_mobile,أبلغ عن ضغط الماء ضعيف جدا في Zaghouan Ville، خاصة في المساء، من الصعب ملء الخزانات.
PL-00176_AUG,2026-06-25,resolu,faible,7.0,facturation,Litige de facturation,-0.18,Kébili,Kébili Nord,rural,33.75068,8.99767,50,tn_arabe,reseaux_sociaux,الرجاء التدخل، الفاتورة تاع الماء في Kébili Nord تضاعفت هاد الشهر بلا أي تفسير.
PL-00311_AUG,2026-06-24,nouveau,haute,,coupure_non_signalee,Coupure non signalée,-0.64,Sfax,Sakiet Ezzit,urbain,34.6962,10.78787,40,ar,agence_locale,الرجاء التدخل، انقطاع المياه منذ 10 jours في Sakiet Ezzit دون أي إعلان مسبق من الشركة.
PL-00280_AUG,2026-06-24,nouveau,moyenne,,pression_faible,Pression insuffisante,-0.38,Kairouan,Sbikha,mixte,35.72283,10.06796,44,ar,numero_vert,السلام عليكم، ضغط الماء ضعيف جدا في Sbikha، خاصة في المساء، من الصعب ملء الخزانات.
PL-00020_AUG,2026-06-22,en_cours,faible,,suggestion,Suggestion d'amélioration,-0.06,Kairouan,Kairouan Nord,mixte,35.69489,10.10176,44,fr,app_mobile,Urgent: il serait utile d'installer des compteurs intelligents à kairouan nord pour détecter les fuites plus vite.
PL-00065_AUG,2026-06-22,nouveau,haute,,retard_intervention,Retard ou absence d'intervention technique,-0.68,Tataouine,Tataouine Nord,rural,32.97076,10.47632,48,tn_arabe,app_mobile,السلام عليكم، عيطتلكم من 5 jours وحتى واحد ما جا يعدل المشكل في Tataouine Nord.
PL-00046_AUG,2026-06-21,resolu,moyenne,14.0,coupure_non_signalee,Coupure non signalée,-0.33,Tozeur,Nefta,rural,33.89245,8.10144,46,ar,app_mobile,الرجاء التدخل، لا توجد مياه في الصنبور منذ الصباح في Nefta، Tozeur. لا معلومات على الإطلاق.
PL-00256_AUG,2026-06-21,resolu,moyenne,6.0,coupure_planifiee,Coupure annoncée / rationnement,-0.25,Ben Arous,Rades,urbain,36.70861,10.18386,35,tn_latin,app_mobile,Aman 9alolna el ma ghadi yet9ata3 sa3tin bark f rades w 9ta3 nhar kamel!
PL-00295_AUG,2026-06-20,en_cours,haute,,qualite_eau,Qualité de l'eau (goût/odeur/couleur),-0.52,Sidi Bouzid,Menzel Bouzaiane,rural,35.084,9.5197,47,ar,app_mobile,أبلغ عن ماء عكر وأصفر اللون هذا الصباح في Menzel Bouzaiane، لا يمكن شربه أو الطبخ به.
PL-00189_AUG,2026-06-19,nouveau,haute,,coupure_non_signalee,Coupure non signalée,-0.5,Nabeul,Nabeul Ville,mixte,36.40737,10.70132,27,ar,app_mobile,مشكلة: لا توجد مياه في الصنبور منذ الصباح في Nabeul Ville، Nabeul. لا معلومات على الإطلاق.
PL-00066_AUG,2026-06-18,nouveau,moyenne,,pression_faible,Pression insuffisante,-0.28,Kairouan,Haffouz,mixte,35.69092,10.13664,44,ar,app_mobile,أبلغ عن ضغط الماء ضعيف جدا في Haffouz، خاصة في المساء، من الصعب ملء الخزانات.
PL-00267_AUG,2026-06-18,en_cours,moyenne,,fuite_visible,Fuite visible sur canalisation,-0.26,Zaghouan,Nadhour,mixte,36.39231,10.15857,33,ar,agence_locale,السلام عليكم، تسرب مياه كبير وواضح في الأنبوب الرئيسي في Nadhour منذ 48 heures، لم يتدخل أحد بعد.
PL-00262_AUG,2026-06-17,resolu,haute,14.0,coupure_planifiee,Coupure annoncée / rationnement,-0.65,Tataouine,Tataouine Nord,rural,32.89117,10.4364,48,tn_latin,reseaux_sociaux,Choufouna hal 9alolna el ma ghadi yet9ata3 sa3tin bark f tataouine nord w 9ta3 nhar kamel!
PL-00171_AUG,2026-06-16,nouveau,moyenne,,fuite_visible,Fuite visible sur canalisation,-0.41,Ariana,Raoued,urbain,36.86998,10.1879,28,ar,reseaux_sociaux,مشكلة: تسرب مياه كبير وواضح في الأنبوب الرئيسي في Raoued منذ 5 jours، لم يتدخل أحد بعد.
PL-00120_AUG,2026-06-13,nouveau,critique,,coupure_non_signalee,Coupure non signalée,-0.84,Sidi Bouzid,Sidi Bouzid Ouest,rural,35.04845,9.47504,47,fr,reseaux_sociaux,Je signale que deuxième coupure cette semaine à sidi bouzid ouest sans préavis. c'est devenu insupportable pour les familles.
PL-00174_AUG,2026-06-13,resolu,moyenne,6.0,qualite_eau,Qualité de l'eau (goût/odeur/couleur),-0.46,Gafsa,Gafsa Nord,mixte,34.40477,8.83413,45,ar,app_mobile,عاجل: الماء الذي يخرج من الصنبور في Gafsa Nord له رائحة كبريت وطعم سيء منذ أيام.
PL-00220_AUG,2026-06-13,en_cours,moyenne,,facturation,Litige de facturation,-0.33,Tataouine,Tataouine Nord,rural,32.95827,10.48855,48,tn_arabe,app_mobile,السلام عليكم، الفاتورة تاع الماء في Tataouine Nord تضاعفت هاد الشهر بلا أي تفسير.
PL-00209_AUG,2026-06-11,rejete,critique,,panne_pompage,Panne de pompage / coupure électrique liée,-0.72,Sousse,Kalâa Kebira,urbain,35.79337,10.59138,25,tn_latin,app_mobile,"Urgent fama panne fel mahatta ta3 pompage f kalâa kebira 3la khater el kahraba, ma famech ma mel 3 jours."
PL-00259_AUG,2026-06-11,en_cours,haute,,panne_pompage,Panne de pompage / coupure électrique liée,-0.64,Kasserine,Sbeitla,rural,35.14702,8.80424,50,fr,numero_vert,"Problème: panne à la station de pompage de sbeitla suite à une coupure steg, plus d'eau depuis 48 heures."
PL-00041_AUG,2026-06-10,en_cours,critique,,panne_pompage,Panne de pompage / coupure électrique liée,-0.84,Kairouan,Hajeb El Ayoun,mixte,35.69883,10.08985,44,tn_arabe,app_mobile,مشكلة: فما بان في المحطة تاع البمبج في Hajeb El Ayoun على خاطر الكهرباء، ما فماش ماء من 5 jours.
PL-00181_AUG,2026-06-10,nouveau,haute,,coupure_non_signalee,Coupure non signalée,-0.71,Ben Arous,Rades,urbain,36.75524,10.22271,35,ar,app_mobile,الرجاء التدخل، انقطاع المياه منذ 10 jours في Rades دون أي إعلان مسبق من الشركة.
PL-00047_AUG,2026-06-08,nouveau,critique,,coupure_non_signalee,Coupure non signalée,-0.88,Ben Arous,Hammam Lif,urbain,36.75024,10.22225,35,fr,numero_vert,"Problème: aucune eau au robinet depuis ce matin à hammam lif, ben arous. rien sur les réseaux sociaux, aucune information."
PL-00162_AUG,2026-06-08,resolu,faible,12.0,retard_intervention,Retard ou absence d'intervention technique,-0.2,Monastir,Monastir Ville,urbain,35.74689,10.78933,24,ar,app_mobile,أبلغ عن بلغت عن المشكل منذ 5 jours وحتى الآن لا يوجد أي تدخل من الشركة في Monastir Ville.
PL-00124_AUG,2026-06-08,resolu,haute,5.0,coupure_non_signalee,Coupure non signalée,-0.52,Tataouine,Remada,rural,32.93225,10.43318,48,tn_arabe,numero_vert,عاجل: عندي 3 أيام الماء مقطوع في Remada، Tataouine، وما حدش يعاودلي.
PL-00217_AUG,2026-06-06,en_cours,moyenne,,coupure_planifiee,Coupure annoncée / rationnement,-0.34,Ariana,Kalâat el-Andalous,urbain,36.86977,10.16916,28,ar,agence_locale,مشكلة: تم الإعلان عن ترشيد المياه في Kalâat el-Andalous لكن التوقيت غير محترم، بقينا بدون ماء أكثر من المتوقع.
PL-00008_AUG,2026-06-05,en_cours,critique,,coupure_non_signalee,Coupure non signalée,-0.97,Médenine,Zarzis,mixte,33.40201,10.54158,42,tn_latin,app_mobile,"Choufouna hal 3andi 3 ayem el ma me9tou3 f zarzis, médenine, w ma7ad y3awedli."
PL-00157_AUG,2026-06-05,nouveau,haute,,qualite_eau,Qualité de l'eau (goût/odeur/couleur),-0.64,Kébili,Souk Lahad,rural,33.66175,8.9459,50,tn_latin,reseaux_sociaux,"Aman el ma f souk lahad rihtou khayba w toumou ghrib, khayfin nchorbouh."
PL-00094_AUG,2026-06-05,en_cours,moyenne,,pression_faible,Pression insuffisante,-0.29,Gabès,Gabès Ville,mixte,33.89769,10.13584,38,tn_latin,reseaux_sociaux,"Billehi dghet el ma d3if barcha f gabès ville, el twabe9 el fou9ania ma3andhomch ma."
PL-00026_AUG,2026-06-04,resolu,critique,12.0,qualite_eau,Qualité de l'eau (goût/odeur/couleur),-1.0,Sidi Bouzid,Regueb,rural,35.04882,9.48604,47,tn_latin,app_mobile,"Belehi el ma yji asfar w m3aker f regueb, ki fama moshkil fel قنوات."
PL-00275_AUG,2026-06-02,nouveau,haute,,qualite_eau,Qualité de l'eau (goût/odeur/couleur),-0.64,Tataouine,Ghomrassen,rural,32.95329,10.45015,48,fr,app_mobile,"Je signale que eau trouble et jaunâtre au robinet ce matin à ghomrassen, impossible de la boire ou de cuisiner avec."
PL-00101_AUG,2026-06-02,en_cours,moyenne,,pression_faible,Pression insuffisante,-0.26,Ben Arous,Ezzahra,urbain,36.74235,10.22521,35,tn_arabe,numero_vert,عاجل: ضغط الماء ضعيف برشا في Ezzahra، الطوابق الفوقانية ما عندهمش ماء.
PL-00200_AUG,2026-06-02,nouveau,moyenne,,pression_faible,Pression insuffisante,-0.2,Kasserine,Thala,rural,35.15482,8.84953,50,tn_latin,numero_vert,"Billehi dghet el ma d3if barcha f thala, el twabe9 el fou9ania ma3andhomch ma."
PL-00018_AUG,2026-06-01,nouveau,haute,,pression_faible,Pression insuffisante,-0.66,Tunis,El Menzah,urbain,36.81844,10.17342,30,ar,app_mobile,السلام عليكم، ضغط الماء ضعيف جدا في El Menzah، خاصة في المساء، من الصعب ملء الخزانات.
PL-00109_AUG,2026-05-31,resolu,faible,12.0,suggestion,Suggestion d'amélioration,0.12,Béja,Medjez el-Bab,rural,36.77533,9.21275,39,tn_arabe,reseaux_sociaux,عاجل: يحسن كي تزيدوا حساسات في Medjez el-Bab باش نعرفوا بسرعة فما فويت ولا لا.
PL-00004_AUG,2026-05-26,en_cours,haute,,retard_intervention,Retard ou absence d'intervention technique,-0.7,Kasserine,Fériana,rural,35.21612,8.87203,50,ar,numero_vert,السلام عليكم، بلغت عن المشكل منذ 48 heures وحتى الآن لا يوجد أي تدخل من الشركة في Fériana.
PL-00253_AUG,2026-05-25,nouveau,moyenne,,panne_pompage,Panne de pompage / coupure électrique liée,-0.36,Sfax,Sfax Ouest,urbain,34.73247,10.7712,40,fr,app_mobile,"Svp, la station de sfax ouest semble en panne, aucune eau ne circule dans le quartier depuis une semaine."
PL-00150_AUG,2026-05-24,nouveau,haute,,fuite_visible,Fuite visible sur canalisation,-0.59,Zaghouan,Nadhour,mixte,36.41873,10.09407,33,ar,app_mobile,عاجل: تسرب مياه كبير وواضح في الأنبوب الرئيسي في Nadhour منذ 5 jours، لم يتدخل أحد بعد.
PL-00282_AUG,2026-05-24,en_cours,moyenne,,facturation,Litige de facturation,-0.37,Jendouba,Jendouba Nord,rural,36.46042,8.79624,41,ar,reseaux_sociaux,عاجل: فاتورة الماء تاعي في Jendouba Nord تضاعفت هذا الشهر بدون أي تفسير.
PL-00221_AUG,2026-05-23,en_cours,moyenne,,fuite_visible,Fuite visible sur canalisation,-0.26,Jendouba,Fernana,rural,36.52015,8.73523,41,fr,reseaux_sociaux,"Bonjour, une fuite inonde la rue à fernana, énorme gaspillage d'eau potable alors qu'on est en pénurie."
PL-00161_AUG,2026-05-22,rejete,haute,,qualite_eau,Qualité de l'eau (goût/odeur/couleur),-0.46,Kébili,Souk Lahad,rural,33.75182,8.93271,50,tn_arabe,app_mobile,أبلغ عن الماء في Souk Lahad ريحتو خايبة وطعمو غريب، خايفين نشربوه.
PL-00308_AUG,2026-05-22,resolu,haute,5.0,qualite_eau,Qualité de l'eau (goût/odeur/couleur),-0.68,Ariana,Raoued,urbain,36.82883,10.21931,28,ar,reseaux_sociaux,السلام عليكم، ماء عكر وأصفر اللون هذا الصباح في Raoued، لا يمكن شربه أو الطبخ به.
PL-00035_AUG,2026-05-14,nouveau,faible,,facturation,Litige de facturation,-0.12,Ben Arous,Hammam Lif,urbain,36.73316,10.2172,35,tn_latin,app_mobile,Belehi el factura ta3 el ma f hammam lif tdha3fet had chahar bla ay tafsir.
PL-00188_AUG,2026-05-08,en_cours,faible,,suggestion,Suggestion d'amélioration,-0.05,Tataouine,Tataouine Nord,rural,32.91072,10.44555,48,fr,app_mobile,"Svp, il serait utile d'installer des compteurs intelligents à tataouine nord pour détecter les fuites plus vite."
PL-00238_AUG,2026-05-06,en_cours,haute,,fuite_visible,Fuite visible sur canalisation,-0.56,Ben Arous,Ezzahra,urbain,36.74498,10.21623,35,ar,numero_vert,أبلغ عن تسرب مياه كبير وواضح في الأنبوب الرئيسي في Ezzahra منذ 3 jours، لم يتدخل أحد بعد.
PL-00294_AUG,2026-05-06,resolu,haute,1.0,coupure_non_signalee,Coupure non signalée,-0.72,Kasserine,Sbeitla,rural,35.20487,8.80718,50,fr,numero_vert,Je signale que deuxième coupure cette semaine à sbeitla sans préavis. c'est devenu insupportable pour les familles.
PL-00054_AUG,2026-05-03,en_cours,moyenne,,qualite_eau,Qualité de l'eau (goût/odeur/couleur),-0.38,Tunis,El Omrane,urbain,36.83786,10.18651,30,ar,agence_locale,أبلغ عن ماء عكر وأصفر اللون هذا الصباح في El Omrane، لا يمكن شربه أو الطبخ به.
PL-00091_AUG,2026-05-03,en_cours,moyenne,,pression_faible,Pression insuffisante,-0.33,Sfax,Thyna,urbain,34.72934,10.78775,40,fr,app_mobile,"Bonjour, pression très basse depuis une semaine à thyna, les étages supérieurs n'ont presque plus d'eau."
PL-00147_AUG,2026-05-02,resolu,moyenne,6.0,fuite_visible,Fuite visible sur canalisation,-0.39,Nabeul,Nabeul Ville,mixte,36.43218,10.78108,27,ar,app_mobile,مشكلة: تسرب مياه كبير وواضح في الأنبوب الرئيسي في Nabeul Ville منذ 3 jours، لم يتدخل أحد بعد.
PL-00228_AUG,2026-05-02,en_cours,moyenne,,coupure_planifiee,Coupure annoncée / rationnement,-0.42,Gabès,El Hamma,mixte,33.88765,10.10758,38,tn_latin,app_mobile,Aman 9alolna el ma ghadi yet9ata3 sa3tin bark f el hamma w 9ta3 nhar kamel!
PL-00237_AUG,2026-05-01,rejete,moyenne,,retard_intervention,Retard ou absence d'intervention technique,-0.49,Tataouine,Ghomrassen,rural,32.89202,10.47291,48,ar,numero_vert,أبلغ عن بلغت عن المشكل منذ 10 jours وحتى الآن لا يوجد أي تدخل من الشركة في Ghomrassen.
PL-00276_AUG,2026-05-01,resolu,moyenne,2.0,pression_faible,Pression insuffisante,-0.45,Mahdia,Ksour Essef,mixte,35.46502,11.10904,30,fr,app_mobile,"Urgent: pression très basse depuis une semaine à ksour essef, les étages supérieurs n'ont presque plus d'eau."
PL-00264_AUG,2026-04-28,rejete,moyenne,,retard_intervention,Retard ou absence d'intervention technique,-0.29,Kairouan,Haffouz,mixte,35.69513,10.12366,44,ar,numero_vert,مشكلة: بلغت عن المشكل منذ jours 3 وحتى الآن لا يوجد أي تدخل من الشركة في Haffouz.
PL-00268_AUG,2026-04-27,resolu,moyenne,3.0,pression_faible,Pression insuffisante,-0.28,Jendouba,Bou Salem,rural,36.46342,8.7308,41,ar,app_mobile,الرجاء التدخل، ضغط الماء ضعيف جدا في Bou Salem، خاصة في المساء، من الصعب ملء الخزانات.
PL-00148_AUG,2026-04-25,nouveau,moyenne,,fuite_visible,Fuite visible sur canalisation,-0.34,Tunis,El Omrane,urbain,36.85315,10.19567,30,fr,reseaux_sociaux,"Bonjour, une fuite inonde la rue à el omrane, énorme gaspillage d'eau potable alors qu'on est en pénurie."
PL-00075_AUG,2026-04-16,nouveau,moyenne,,coupure_non_signalee,Coupure non signalée,-0.4,Ben Arous,Mornag,urbain,36.78803,10.22083,35,tn_latin,app_mobile,"Urgent 3andi 3 ayem el ma me9tou3 f mornag, ben arous, w ma7ad y3awedli."
PL-00149_AUG,2026-04-13,en_cours,critique,,panne_pompage,Panne de pompage / coupure électrique liée,-1.0,Gabès,Gabès Ville,mixte,33.92602,10.11502,38,ar,app_mobile,أبلغ عن عطل في محطة الضخ في Gabès Ville بسبب انقطاع الكهرباء، لا ماء منذ 2 jours.
PL-00155_AUG,2026-04-11,nouveau,haute,,coupure_non_signalee,Coupure non signalée,-0.68,Ariana,Raoued,urbain,36.89155,10.21453,28,tn_latin,numero_vert,"Billehi 3andi 3 ayem el ma me9tou3 f raoued, ariana, w ma7ad y3awedli."
PL-00019_AUG,2026-04-10,resolu,moyenne,13.0,coupure_planifiee,Coupure annoncée / rationnement,-0.45,Médenine,Médenine Nord,mixte,33.31223,10.47682,42,tn_arabe,numero_vert,السلام عليكم، قالولنا الماء غادي يتقطع ساعتين برك في Médenine Nord وقطع نهار كامل!
PL-00252_AUG,2026-04-04,nouveau,moyenne,,fuite_visible,Fuite visible sur canalisation,-0.28,Gabès,Mareth,mixte,33.91538,10.09649,38,tn_arabe,app_mobile,مشكلة: كاين فويت كبيرة في القناة الرئيسية في Mareth على خاطر 48 heures، حتى حد ما جا.
PL-00273_AUG,2026-03-29,en_cours,critique,,coupure_non_signalee,Coupure non signalée,-0.96,Kairouan,Hajeb El Ayoun,mixte,35.70502,10.06758,44,fr,reseaux_sociaux,Urgent: deuxième coupure cette semaine à hajeb el ayoun sans préavis. c'est devenu insupportable pour les familles.
PL-00258_AUG,2026-03-29,resolu,haute,10.0,panne_pompage,Panne de pompage / coupure électrique liée,-0.56,Ariana,Soukra,urbain,36.90908,10.15098,28,fr,app_mobile,"Bonjour, la station de soukra semble en panne, aucune eau ne circule dans le quartier depuis 10 jours."
PL-00240_AUG,2026-03-21,nouveau,moyenne,,fuite_visible,Fuite visible sur canalisation,-0.5,Sfax,Sfax Ouest,urbain,34.72014,10.71424,40,fr,app_mobile,"Je signale que une fuite inonde la rue à sfax ouest, énorme gaspillage d'eau potable alors qu'on est en pénurie."
PL-00089_AUG,2026-03-20,resolu,moyenne,6.0,retard_intervention,Retard ou absence d'intervention technique,-0.21,Ben Arous,Hammam Lif,urbain,36.78647,10.18587,35,tn_arabe,app_mobile,السلام عليكم، عيطتلكم من 24 heures وحتى واحد ما جا يعدل المشكل في Hammam Lif.
PL-00081_AUG,2026-03-18,en_cours,haute,,coupure_non_signalee,Coupure non signalée,-0.7,Ariana,Raoued,urbain,36.8866,10.24278,28,ar,app_mobile,أبلغ عن لا توجد مياه في الصنبور منذ الصباح في Raoued، Ariana. لا معلومات على الإطلاق.
PL-00087_AUG,2026-03-17,en_cours,critique,,panne_pompage,Panne de pompage / coupure électrique liée,-0.77,Gafsa,Gafsa Nord,mixte,34.39235,8.74949,45,fr,reseaux_sociaux,"Problème: la station de gafsa nord semble en panne, aucune eau ne circule dans le quartier depuis 24 heures."
PL-00146_AUG,2026-03-16,en_cours,moyenne,,facturation,Litige de facturation,-0.23,Sfax,Thyna,urbain,34.72144,10.74626,40,ar,app_mobile,مشكلة: فاتورة الماء تاعي في Thyna تضاعفت هذا الشهر بدون أي تفسير.
PL-00126_AUG,2026-03-15,nouveau,haute,,panne_pompage,Panne de pompage / coupure électrique liée,-0.61,Monastir,Monastir Ville,urbain,35.74335,10.79006,24,ar,app_mobile,الرجاء التدخل، عطل في محطة الضخ في Monastir Ville بسبب انقطاع الكهرباء، لا ماء منذ 48 heures.
PL-00141_AUG,2026-03-13,en_cours,faible,,pression_faible,Pression insuffisante,-0.09,Béja,Testour,rural,36.70749,9.19149,39,ar,app_mobile,عاجل: ضغط الماء ضعيف جدا في Testour، خاصة في المساء، من الصعب ملء الخزانات.
PL-00076_AUG,2026-03-10,resolu,haute,4.0,coupure_planifiee,Coupure annoncée / rationnement,-0.72,Gabès,El Hamma,mixte,33.86959,10.10794,38,ar,reseaux_sociaux,أبلغ عن تم الإعلان عن ترشيد المياه في El Hamma لكن التوقيت غير محترم، بقينا بدون ماء أكثر من المتوقع.
PL-00178_AUG,2026-03-08,en_cours,critique,,coupure_non_signalee,Coupure non signalée,-0.85,Monastir,Jemmal,urbain,35.78071,10.79712,24,ar,app_mobile,عاجل: انقطاع المياه منذ 24 heures في Jemmal دون أي إعلان مسبق من الشركة.
PL-00263_AUG,2026-03-03,nouveau,haute,,coupure_non_signalee,Coupure non signalée,-0.47,Sidi Bouzid,Menzel Bouzaiane,rural,35.06848,9.47946,47,tn_arabe,agence_locale,السلام عليكم، الماء مقطوع من البارح في Menzel Bouzaiane وحتى واحد ما عوضناش عليكم، شنوة الحكاية؟
PL-00251_AUG,2026-02-27,nouveau,haute,,pression_faible,Pression insuffisante,-0.46,Gafsa,El Ksar,mixte,34.37965,8.79752,45,fr,app_mobile,"Svp, pression très basse depuis une semaine à el ksar, les étages supérieurs n'ont presque plus d'eau."
PL-00261_AUG,2026-02-27,nouveau,haute,,coupure_non_signalee,Coupure non signalée,-0.64,Sidi Bouzid,Sidi Bouzid Ouest,rural,35.02979,9.4886,47,fr,numero_vert,Je signale que coupure d'eau depuis 48 heures à sidi bouzid ouest sans aucune annonce de la sonede. on ne sait même pas quand ça reviendra.
PL-00045_AUG,2026-02-24,resolu,haute,2.0,qualite_eau,Qualité de l'eau (goût/odeur/couleur),-0.6,Tunis,Le Bardo,urbain,36.77955,10.20363,30,tn_latin,agence_locale,"Urgent el ma f le bardo rihtou khayba w toumou ghrib, khayfin nchorbouh."
PL-00090_AUG,2026-02-24,resolu,haute,3.0,retard_intervention,Retard ou absence d'intervention technique,-0.74,Tataouine,Ghomrassen,rural,32.97547,10.44685,48,tn_latin,agence_locale,Urgent 3ayetlkom mel 5 jours w 7ata wa7ed ma ja y3addel el moshkil f ghomrassen.
PL-00239_AUG,2026-02-23,en_cours,haute,,fuite_visible,Fuite visible sur canalisation,-0.6,Kairouan,Haffouz,mixte,35.66998,10.13616,44,tn_latin,numero_vert,"Belehi kayen fuite kbira fel qanat el ra2isiya f haffouz 3la khater 2 jours, hata 7ad ma ja."
PL-00001_AUG,2026-02-14,nouveau,haute,,coupure_non_signalee,Coupure non signalée,-0.62,Kairouan,Kairouan Nord,mixte,35.70226,10.07079,44,fr,app_mobile,"Bonjour, deuxième coupure cette semaine à kairouan nord sans préavis. c'est devenu insupportable pour les familles."
PL-00224_AUG,2026-02-06,resolu,haute,3.0,coupure_non_signalee,Coupure non signalée,-0.47,Tunis,El Omrane,urbain,36.76156,10.16754,30,ar,app_mobile,الرجاء التدخل، لا توجد مياه في الصنبور منذ الصباح في El Omrane، Tunis. لا معلومات على الإطلاق.
PL-00212_AUG,2026-02-03,en_cours,moyenne,,coupure_non_signalee,Coupure non signalée,-0.21,Ben Arous,Hammam Lif,urbain,36.79847,10.18562,35,ar,agence_locale,عاجل: انقطاع المياه منذ 5 jours في Hammam Lif دون أي إعلان مسبق من الشركة.
PL-00098_AUG,2026-01-28,nouveau,critique,,qualite_eau,Qualité de l'eau (goût/odeur/couleur),-0.9,Ariana,Soukra,urbain,36.83608,10.24505,28,fr,app_mobile,Je signale que l'eau qui sort du robinet à soukra a une odeur de soufre et un goût désagréable depuis quelques jours.
PL-00052_AUG,2026-01-27,nouveau,haute,,retard_intervention,Retard ou absence d'intervention technique,-0.67,Tataouine,Tataouine Nord,rural,32.88883,10.49799,48,tn_latin,numero_vert,Aman 3ayetlkom mel 10 jours w 7ata wa7ed ma ja y3addel el moshkil f tataouine nord.
PL-00028_AUG,2026-01-25,en_cours,moyenne,,fuite_visible,Fuite visible sur canalisation,-0.37,Zaghouan,Bir Mcherga,mixte,36.42761,10.1099,33,ar,numero_vert,الرجاء التدخل، تسرب مياه كبير وواضح في الأنبوب الرئيسي في Bir Mcherga منذ une semaine، لم يتدخل أحد بعد.
PL-00111_AUG,2026-01-25,en_cours,moyenne,,fuite_visible,Fuite visible sur canalisation,-0.46,Ben Arous,Hammam Lif,urbain,36.74312,10.24989,35,ar,app_mobile,مشكلة: تسرب مياه كبير وواضح في الأنبوب الرئيسي في Hammam Lif منذ 10 jours، لم يتدخل أحد بعد.
PL-00031_AUG,2026-01-24,nouveau,moyenne,,retard_intervention,Retard ou absence d'intervention technique,-0.22,Ben Arous,Ezzahra,urbain,36.78114,10.20008,35,tn_latin,app_mobile,Aman 3ayetlkom mel 2 jours w 7ata wa7ed ma ja y3addel el moshkil f ezzahra.
PL-00310_AUG,2026-01-24,resolu,moyenne,1.0,coupure_planifiee,Coupure annoncée / rationnement,-0.41,Tunis,Bab Bhar,urbain,36.82802,10.20421,30,fr,agence_locale,"Bonjour, la coupure programmée à bab bhar dure bien plus longtemps que l'annonce initiale."
PL-00271_AUG,2026-01-23,resolu,critique,13.0,qualite_eau,Qualité de l'eau (goût/odeur/couleur),-0.96,Sfax,Thyna,urbain,34.78647,10.72716,40,tn_latin,reseaux_sociaux,"Belehi el ma yji asfar w m3aker f thyna, ki fama moshkil fel قنوات."
PL-00074_AUG,2026-01-21,resolu,moyenne,1.0,fuite_visible,Fuite visible sur canalisation,-0.27,Gabès,Gabès Ville,mixte,33.87912,10.126,38,fr,app_mobile,"Problème: grosse fuite d'eau visible sur la canalisation principale à gabès ville depuis 5 jours, personne n'est intervenu."
PL-00248_AUG,2026-01-20,en_cours,critique,,coupure_non_signalee,Coupure non signalée,-0.73,Ben Arous,Mornag,urbain,36.74453,10.23391,35,fr,numero_vert,"Svp, deuxième coupure cette semaine à mornag sans préavis. c'est devenu insupportable pour les familles."
PL-00070_AUG,2026-01-14,nouveau,faible,,facturation,Litige de facturation,0.04,Médenine,Ben Guerdane,mixte,33.36363,10.52816,42,tn_latin,app_mobile,Urgent el factura ta3 el ma f ben guerdane tdha3fet had chahar bla ay tafsir.
PL-00242_AUG,2026-01-11,nouveau,moyenne,,panne_pompage,Panne de pompage / coupure électrique liée,-0.3,Tozeur,Nefta,rural,33.94986,8.11477,46,fr,app_mobile,"Svp, panne à la station de pompage de nefta suite à une coupure steg, plus d'eau depuis 2 jours."
PL-00245_AUG,2026-01-08,resolu,faible,4.0,pression_faible,Pression insuffisante,-0.09,Gafsa,El Ksar,mixte,34.41907,8.74053,45,fr,numero_vert,"Je signale que la pression de l'eau est très faible à el ksar, surtout le soir, impossible de remplir les réservoirs."
PL-00298_AUG,2026-01-08,nouveau,haute,,coupure_non_signalee,Coupure non signalée,-0.72,Sidi Bouzid,Regueb,rural,35.07363,9.46286,47,fr,app_mobile,Urgent: deuxième coupure cette semaine à regueb sans préavis. c'est devenu insupportable pour les familles.
PL-00051_AUG,2026-01-08,nouveau,moyenne,,fuite_visible,Fuite visible sur canalisation,-0.35,Sidi Bouzid,Menzel Bouzaiane,rural,35.08032,9.47882,47,ar,app_mobile,مشكلة: تسرب مياه كبير وواضح في الأنبوب الرئيسي في Menzel Bouzaiane منذ une semaine، لم يتدخل أحد بعد.
PL-00006_AUG,2026-01-06,en_cours,faible,,facturation,Litige de facturation,-0.03,Ben Arous,Hammam Lif,urbain,36.72456,10.22812,35,tn_latin,numero_vert,Billehi el factura ta3 el ma f hammam lif tdha3fet had chahar bla ay tafsir.
PL-00292_AUG,2025-12-29,resolu,haute,9.0,fuite_visible,Fuite visible sur canalisation,-0.68,Médenine,Ben Guerdane,mixte,33.39455,10.5417,42,fr,reseaux_sociaux,"Problème: une fuite inonde la rue à ben guerdane, énorme gaspillage d'eau potable alors qu'on est en pénurie."
PL-00307_AUG,2025-12-28,nouveau,haute,,panne_pompage,Panne de pompage / coupure électrique liée,-0.68,Médenine,Médenine Nord,mixte,33.37368,10.50469,42,fr,app_mobile,"Urgent: la station de médenine nord semble en panne, aucune eau ne circule dans le quartier depuis 10 jours."
PL-00232_AUG,2025-12-27,nouveau,haute,,coupure_non_signalee,Coupure non signalée,-0.49,Kairouan,Kairouan Nord,mixte,35.67532,10.06575,44,tn_latin,app_mobile,"Choufouna hal 3andi 3 ayem el ma me9tou3 f kairouan nord, kairouan, w ma7ad y3awedli."
PL-00222_AUG,2025-12-26,nouveau,haute,,qualite_eau,Qualité de l'eau (goût/odeur/couleur),-0.56,Monastir,Monastir Ville,urbain,35.72774,10.85872,24,tn_latin,app_mobile,"Aman el ma yji asfar w m3aker f monastir ville, ki fama moshkil fel قنوات."
PL-00151_AUG,2025-12-25,en_cours,critique,,coupure_non_signalee,Coupure non signalée,-0.92,Kébili,Kébili Nord,rural,33.6651,8.92873,50,fr,app_mobile,Problème: deuxième coupure cette semaine à kébili nord sans préavis. c'est devenu insupportable pour les familles.
PL-00279_AUG,2025-12-25,resolu,moyenne,10.0,fuite_visible,Fuite visible sur canalisation,-0.45,Kairouan,Hajeb El Ayoun,mixte,35.63034,10.05061,44,fr,app_mobile,"Svp, grosse fuite d'eau visible sur la canalisation principale à hajeb el ayoun depuis 5 jours, personne n'est intervenu."
PL-00011_AUG,2025-12-22,resolu,faible,11.0,fuite_visible,Fuite visible sur canalisation,-0.02,Gabès,Métouia,mixte,33.84434,10.09573,38,fr,numero_vert,"Bonjour, une fuite inonde la rue à métouia, énorme gaspillage d'eau potable alors qu'on est en pénurie."
PL-00186_AUG,2025-12-21,nouveau,haute,,panne_pompage,Panne de pompage / coupure électrique liée,-0.75,Ariana,Kalâat el-Andalous,urbain,36.84904,10.21389,28,tn_arabe,reseaux_sociaux,السلام عليكم، فما بان في المحطة تاع البمبج في Kalâat el-Andalous على خاطر الكهرباء، ما فماش ماء من 2 jours.
PL-00227_AUG,2025-12-21,resolu,haute,1.0,qualite_eau,Qualité de l'eau (goût/odeur/couleur),-0.61,Zaghouan,Bir Mcherga,mixte,36.4495,10.15677,33,ar,reseaux_sociaux,السلام عليكم، ماء عكر وأصفر اللون هذا الصباح في Bir Mcherga، لا يمكن شربه أو الطبخ به.
PL-00196_AUG,2025-12-19,nouveau,critique,,qualite_eau,Qualité de l'eau (goût/odeur/couleur),-0.96,Ben Arous,Ezzahra,urbain,36.75384,10.24192,35,tn_latin,reseaux_sociaux,"Belehi el ma f ezzahra rihtou khayba w toumou ghrib, khayfin nchorbouh."
PL-00216_AUG,2025-12-16,en_cours,moyenne,,pression_faible,Pression insuffisante,-0.21,Tozeur,Degache,rural,33.87586,8.15872,46,fr,numero_vert,"Problème: pression très basse depuis une semaine à degache, les étages supérieurs n'ont presque plus d'eau."
PL-00033_AUG,2025-12-14,nouveau,haute,,qualite_eau,Qualité de l'eau (goût/odeur/couleur),-0.48,Sidi Bouzid,Menzel Bouzaiane,rural,35.03666,9.45882,47,tn_latin,app_mobile,"Aman el ma f menzel bouzaiane rihtou khayba w toumou ghrib, khayfin nchorbouh."
PL-00116_AUG,2025-12-14,nouveau,moyenne,,fuite_visible,Fuite visible sur canalisation,-0.43,Tozeur,Nefta,rural,33.88278,8.12055,46,ar,app_mobile,الرجاء التدخل، تسرب مياه كبير وواضح في الأنبوب الرئيسي في Nefta منذ 2 jours، لم يتدخل أحد بعد.
PL-00007_AUG,2025-12-13,en_cours,haute,,fuite_visible,Fuite visible sur canalisation,-0.51,Ariana,Raoued,urbain,36.91223,10.15943,28,tn_latin,app_mobile,"Urgent kayen fuite kbira fel qanat el ra2isiya f raoued 3la khater 3 jours, hata 7ad ma ja."
PL-00137_AUG,2025-12-13,rejete,haute,,coupure_planifiee,Coupure annoncée / rationnement,-0.53,Zaghouan,Zaghouan Ville,mixte,36.45141,10.13971,33,fr,app_mobile,"Je signale que rationnement de l'eau annoncé à zaghouan ville mais les horaires ne sont pas respectés, on reste sans eau plus longtemps que prévu."
PL-00133_AUG,2025-12-09,en_cours,faible,,suggestion,Suggestion d'amélioration,0.09,Gafsa,Métlaoui,mixte,34.44403,8.79807,45,ar,agence_locale,مشكلة: سيكون من المفيد تركيز عدادات ذكية في Métlaoui لاكتشاف التسربات بسرعة أكبر.
PL-00195_AUG,2025-12-08,resolu,faible,12.0,suggestion,Suggestion d'amélioration,-0.01,Gafsa,Gafsa Nord,mixte,34.41698,8.83032,45,fr,app_mobile,Je signale que je suggère à la sonede de communiquer les coupures via l'application plutôt que par bouche à oreille à gafsa nord.
PL-00193_AUG,2025-12-06,resolu,haute,8.0,coupure_non_signalee,Coupure non signalée,-0.51,Jendouba,Fernana,rural,36.52845,8.76137,41,ar,app_mobile,مشكلة: لا توجد مياه في الصنبور منذ الصباح في Fernana، Jendouba. لا معلومات على الإطلاق.
PL-00185_AUG,2025-12-02,resolu,haute,3.0,coupure_planifiee,Coupure annoncée / rationnement,-0.73,Tunis,El Menzah,urbain,36.83488,10.21088,30,ar,app_mobile,مشكلة: تم الإعلان عن ترشيد المياه في El Menzah لكن التوقيت غير محترم، بقينا بدون ماء أكثر من المتوقع.
PL-00197_AUG,2025-12-01,en_cours,faible,,suggestion,Suggestion d'amélioration,0.08,Nabeul,Kelibia,mixte,36.45138,10.71096,27,fr,app_mobile,Problème: il serait utile d'installer des compteurs intelligents à kelibia pour détecter les fuites plus vite.
PL-00044_AUG,2025-11-28,rejete,haute,,panne_pompage,Panne de pompage / coupure électrique liée,-0.65,Médenine,Médenine Nord,mixte,33.31421,10.47766,42,ar,numero_vert,أبلغ عن عطل في محطة الضخ في Médenine Nord بسبب انقطاع الكهرباء، لا ماء منذ 24 heures.
PL-00105_AUG,2025-11-28,nouveau,haute,,pression_faible,Pression insuffisante,-0.64,Kasserine,Fériana,rural,35.14972,8.79451,50,ar,reseaux_sociaux,مشكلة: ضغط الماء ضعيف جدا في Fériana، خاصة في المساء، من الصعب ملء الخزانات.
PL-00205_AUG,2025-11-28,en_cours,haute,,retard_intervention,Retard ou absence d'intervention technique,-0.64,Mahdia,Ksour Essef,mixte,35.49018,11.09612,30,fr,numero_vert,"Je signale que plusieurs appels au numéro vert sans résultat, 10 jours sans intervention à ksour essef."
PL-00112_AUG,2025-11-25,en_cours,moyenne,,fuite_visible,Fuite visible sur canalisation,-0.45,Sfax,Sakiet Ezzit,urbain,34.76738,10.7232,40,tn_arabe,numero_vert,الرجاء التدخل، كاين فويت كبيرة في القناة الرئيسية في Sakiet Ezzit على خاطر 5 jours، حتى حد ما جا.
PL-00082_AUG,2025-11-24,nouveau,haute,,pression_faible,Pression insuffisante,-0.63,Jendouba,Bou Salem,rural,36.46684,8.79208,41,fr,app_mobile,"Je signale que pression très basse depuis une semaine à bou salem, les étages supérieurs n'ont presque plus d'eau."
PL-00291_AUG,2025-11-21,en_cours,faible,,facturation,Litige de facturation,-0.14,Sfax,Sfax Médina,urbain,34.77089,10.80597,40,tn_latin,app_mobile,Urgent el factura ta3 el ma f sfax médina tdha3fet had chahar bla ay tafsir.
PL-00286_AUG,2025-11-21,nouveau,haute,,pression_faible,Pression insuffisante,-0.7,Sidi Bouzid,Regueb,rural,35.06178,9.5204,47,tn_latin,app_mobile,"Choufouna hal dghet el ma d3if barcha f regueb, el twabe9 el fou9ania ma3andhomch ma."
PL-00092_AUG,2025-11-16,en_cours,haute,,coupure_non_signalee,Coupure non signalée,-0.47,Tataouine,Ghomrassen,rural,32.91304,10.46007,48,ar,app_mobile,عاجل: لا توجد مياه في الصنبور منذ الصباح في Ghomrassen، Tataouine. لا معلومات على الإطلاق.
PL-00053_AUG,2025-11-16,resolu,moyenne,8.0,pression_faible,Pression insuffisante,-0.4,Ariana,Soukra,urbain,36.83065,10.20413,28,ar,reseaux_sociaux,السلام عليكم، ضغط الماء ضعيف جدا في Soukra، خاصة في المساء، من الصعب ملء الخزانات.
PL-00145_AUG,2025-11-12,en_cours,critique,,panne_pompage,Panne de pompage / coupure électrique liée,-0.79,Tunis,El Menzah,urbain,36.77768,10.1505,30,tn_latin,app_mobile,"Belehi fama panne fel mahatta ta3 pompage f el menzah 3la khater el kahraba, ma famech ma mel 3 jours."
PL-00058_AUG,2025-11-12,resolu,moyenne,12.0,pression_faible,Pression insuffisante,-0.4,Tunis,Le Bardo,urbain,36.84025,10.18949,30,tn_arabe,app_mobile,عاجل: ضغط الماء ضعيف برشا في Le Bardo، الطوابق الفوقانية ما عندهمش ماء.
PL-00115_AUG,2025-11-11,nouveau,haute,,panne_pompage,Panne de pompage / coupure électrique liée,-0.65,Kébili,Souk Lahad,rural,33.69501,8.96445,50,fr,reseaux_sociaux,"Je signale que la station de souk lahad semble en panne, aucune eau ne circule dans le quartier depuis 24 heures."
PL-00203_AUG,2025-11-11,en_cours,moyenne,,qualite_eau,Qualité de l'eau (goût/odeur/couleur),-0.35,Kébili,Kébili Nord,rural,33.75334,8.99729,50,ar,app_mobile,أبلغ عن ماء عكر وأصفر اللون هذا الصباح في Kébili Nord، لا يمكن شربه أو الطبخ به.
PL-00183_AUG,2025-11-09,en_cours,critique,,qualite_eau,Qualité de l'eau (goût/odeur/couleur),-0.82,Kairouan,Haffouz,mixte,35.72009,10.10791,44,fr,agence_locale,Urgent: l'eau qui sort du robinet à haffouz a une odeur de soufre et un goût désagréable depuis quelques jours.
PL-00005_AUG,2025-11-09,nouveau,moyenne,,fuite_visible,Fuite visible sur canalisation,-0.27,Kairouan,Haffouz,mixte,35.68151,10.07078,44,fr,reseaux_sociaux,"Bonjour, grosse fuite d'eau visible sur la canalisation principale à haffouz depuis 48 heures, personne n'est intervenu."
PL-00169_AUG,2025-11-08,en_cours,moyenne,,fuite_visible,Fuite visible sur canalisation,-0.3,Sidi Bouzid,Sidi Bouzid Ouest,rural,35.04593,9.51485,47,ar,agence_locale,أبلغ عن تسرب مياه كبير وواضح في الأنبوب الرئيسي في Sidi Bouzid Ouest منذ 24 heures، لم يتدخل أحد بعد.
PL-00088_AUG,2025-11-06,nouveau,haute,,coupure_non_signalee,Coupure non signalée,-0.67,Mahdia,Ksour Essef,mixte,35.54112,11.07492,30,fr,app_mobile,"Problème: aucune eau au robinet depuis ce matin à ksour essef, mahdia. rien sur les réseaux sociaux, aucune information."
PL-00039_AUG,2025-11-02,nouveau,faible,,facturation,Litige de facturation,-0.0,Gafsa,Gafsa Sud,mixte,34.46789,8.79178,45,ar,numero_vert,مشكلة: فاتورة الماء تاعي في Gafsa Sud تضاعفت هذا الشهر بدون أي تفسير.
PL-00214_AUG,2025-10-28,nouveau,critique,,qualite_eau,Qualité de l'eau (goût/odeur/couleur),-0.94,Gabès,Mareth,mixte,33.84686,10.08428,38,fr,app_mobile,"Problème: depuis la vague de chaleur, l'eau à mareth a un goût chimique très fort."
PL-00158_AUG,2025-10-28,en_cours,haute,,qualite_eau,Qualité de l'eau (goût/odeur/couleur),-0.57,Gafsa,El Ksar,mixte,34.41988,8.78967,45,fr,app_mobile,"Problème: eau trouble et jaunâtre au robinet ce matin à el ksar, impossible de la boire ou de cuisiner avec."
PL-00129_AUG,2025-10-27,resolu,faible,1.0,facturation,Litige de facturation,-0.1,Kasserine,Kasserine Nord,rural,35.20892,8.80401,50,fr,agence_locale,Problème: ma facture d'eau à kasserine nord a doublé ce mois-ci sans explication alors que ma consommation n'a pas changé.
PL-00283_AUG,2025-10-24,nouveau,moyenne,,pression_faible,Pression insuffisante,-0.36,Kasserine,Thala,rural,35.19656,8.82462,50,tn_latin,reseaux_sociaux,"Aman dghet el ma d3if barcha f thala, el twabe9 el fou9ania ma3andhomch ma."
PL-00201_AUG,2025-10-22,nouveau,haute,,retard_intervention,Retard ou absence d'intervention technique,-0.7,Zaghouan,Zaghouan Ville,mixte,36.3696,10.14989,33,ar,app_mobile,مشكلة: بلغت عن المشكل منذ 24 heures وحتى الآن لا يوجد أي تدخل من الشركة في Zaghouan Ville.
PL-00057_AUG,2025-10-15,en_cours,critique,,panne_pompage,Panne de pompage / coupure électrique liée,-0.74,Gabès,Mareth,mixte,33.85056,10.10814,38,fr,numero_vert,"Urgent: panne à la station de pompage de mareth suite à une coupure steg, plus d'eau depuis une semaine."
PL-00226_AUG,2025-10-08,en_cours,moyenne,,coupure_non_signalee,Coupure non signalée,-0.31,Kasserine,Sbeitla,rural,35.14451,8.82745,50,tn_latin,app_mobile,"Billehi el ma me9tou3 mel bare7 f sbeitla w hata wa7ed ma 3'awedhna 3likom, chnowa el 7keya?"
PL-00202_AUG,2025-10-06,en_cours,faible,,facturation,Litige de facturation,-0.12,Gafsa,Gafsa Nord,mixte,34.43973,8.78409,45,ar,numero_vert,الرجاء التدخل، فاتورة الماء تاعي في Gafsa Nord تضاعفت هذا الشهر بدون أي تفسير.
PL-00304_AUG,2025-10-05,resolu,haute,8.0,panne_pompage,Panne de pompage / coupure électrique liée,-0.55,Médenine,Médenine Nord,mixte,33.30754,10.4952,42,fr,app_mobile,"Je signale que la station de médenine nord semble en panne, aucune eau ne circule dans le quartier depuis 5 jours."
PL-00029_AUG,2025-09-29,nouveau,critique,,panne_pompage,Panne de pompage / coupure électrique liée,-0.81,Sousse,Hammam Sousse,urbain,35.85497,10.68718,25,tn_latin,agence_locale,"Billehi fama panne fel mahatta ta3 pompage f hammam sousse 3la khater el kahraba, ma famech ma mel 5 jours."
PL-00138_AUG,2025-09-23,en_cours,moyenne,,pression_faible,Pression insuffisante,-0.34,Béja,Medjez el-Bab,rural,36.71316,9.19997,39,ar,numero_vert,مشكلة: ضغط الماء ضعيف جدا في Medjez el-Bab، خاصة في المساء، من الصعب ملء الخزانات.
PL-00319_AUG,2025-09-22,en_cours,haute,,coupure_non_signalee,Coupure non signalée,-0.56,Gafsa,Gafsa Sud,mixte,34.39521,8.78274,45,tn_latin,app_mobile,"Billehi 3andi 3 ayem el ma me9tou3 f gafsa sud, gafsa, w ma7ad y3awedli."
PL-00165_AUG,2025-09-22,en_cours,moyenne,,retard_intervention,Retard ou absence d'intervention technique,-0.28,Kairouan,Hajeb El Ayoun,mixte,35.72478,10.07946,44,fr,numero_vert,"Bonjour, j'ai signalé le problème il y a une semaine et toujours aucune intervention de la sonede à hajeb el ayoun."
PL-00225_AUG,2025-09-18,resolu,haute,11.0,coupure_non_signalee,Coupure non signalée,-0.74,Monastir,Ksar Hellal,urbain,35.77299,10.79628,24,tn_arabe,numero_vert,الرجاء التدخل، الماء مقطوع من البارح في Ksar Hellal وحتى واحد ما عوضناش عليكم، شنوة الحكاية؟
PL-00278_AUG,2025-09-16,en_cours,critique,,panne_pompage,Panne de pompage / coupure électrique liée,-0.78,Tunis,Bab Bhar,urbain,36.77519,10.16772,30,fr,app_mobile,"Bonjour, panne à la station de pompage de bab bhar suite à une coupure steg, plus d'eau depuis 24 heures."
PL-00233_AUG,2025-09-16,nouveau,moyenne,,coupure_non_signalee,Coupure non signalée,-0.41,Jendouba,Ghardimaou,rural,36.46542,8.81654,41,fr,app_mobile,"Bonjour, aucune eau au robinet depuis ce matin à ghardimaou, jendouba. rien sur les réseaux sociaux, aucune information."
PL-00297_AUG,2025-09-16,en_cours,moyenne,,coupure_planifiee,Coupure annoncée / rationnement,-0.32,Sfax,Sfax Médina,urbain,34.72314,10.77158,40,ar,app_mobile,السلام عليكم، تم الإعلان عن ترشيد المياه في Sfax Médina لكن التوقيت غير محترم، بقينا بدون ماء أكثر من المتوقع.
PL-00144_AUG,2025-09-15,resolu,haute,6.0,pression_faible,Pression insuffisante,-0.57,Gabès,Métouia,mixte,33.83665,10.08592,38,fr,app_mobile,"Je signale que la pression de l'eau est très faible à métouia, surtout le soir, impossible de remplir les réservoirs."
PL-00166_AUG,2025-09-14,en_cours,critique,,coupure_non_signalee,Coupure non signalée,-0.78,Ariana,Raoued,urbain,36.847,10.14806,28,ar,app_mobile,عاجل: انقطاع المياه منذ 2 jours في Raoued دون أي إعلان مسبق من الشركة.
PL-00223_AUG,2025-09-11,en_cours,critique,,coupure_non_signalee,Coupure non signalée,-0.84,Sidi Bouzid,Regueb,rural,35.0703,9.48643,47,ar,app_mobile,السلام عليكم، لا توجد مياه في الصنبور منذ الصباح في Regueb، Sidi Bouzid. لا معلومات على الإطلاق.
PL-00184_AUG,2025-09-05,nouveau,critique,,panne_pompage,Panne de pompage / coupure électrique liée,-0.74,Tunis,El Menzah,urbain,36.78132,10.1916,30,fr,numero_vert,"Urgent: panne à la station de pompage de el menzah suite à une coupure steg, plus d'eau depuis 10 jours."
PL-00142_AUG,2025-09-03,en_cours,moyenne,,fuite_visible,Fuite visible sur canalisation,-0.29,Jendouba,Bou Salem,rural,36.5137,8.77302,41,tn_arabe,app_mobile,عاجل: كاين فويت كبيرة في القناة الرئيسية في Bou Salem على خاطر 10 jours، حتى حد ما جا.
PL-00042_AUG,2025-09-02,nouveau,moyenne,,facturation,Litige de facturation,-0.39,Sfax,Sakiet Ezzit,urbain,34.77367,10.71897,40,fr,reseaux_sociaux,Je signale que ma facture d'eau à sakiet ezzit a doublé ce mois-ci sans explication alors que ma consommation n'a pas changé.
PL-00254_AUG,2025-08-31,rejete,moyenne,,pression_faible,Pression insuffisante,-0.3,Gabès,El Hamma,mixte,33.90269,10.14175,38,fr,numero_vert,"Svp, pression très basse depuis une semaine à el hamma, les étages supérieurs n'ont presque plus d'eau."
PL-00241_AUG,2025-08-29,en_cours,moyenne,,panne_pompage,Panne de pompage / coupure électrique liée,-0.41,Gafsa,Gafsa Sud,mixte,34.45295,8.7417,45,tn_arabe,app_mobile,السلام عليكم، فما بان في المحطة تاع البمبج في Gafsa Sud على خاطر الكهرباء، ما فماش ماء من 24 heures.
PL-00062_AUG,2025-08-28,en_cours,haute,,coupure_non_signalee,Coupure non signalée,-0.71,Gafsa,Gafsa Nord,mixte,34.4444,8.82454,45,tn_latin,numero_vert,"Choufouna hal 3andi 3 ayem el ma me9tou3 f gafsa nord, gafsa, w ma7ad y3awedli."
PL-00204_AUG,2025-08-28,nouveau,moyenne,,fuite_visible,Fuite visible sur canalisation,-0.3,Ben Arous,Hammam Lif,urbain,36.70916,10.27735,35,tn_latin,reseaux_sociaux,"Urgent kayen fuite kbira fel qanat el ra2isiya f hammam lif 3la khater 3 jours, hata 7ad ma ja."
PL-00191_AUG,2025-08-26,nouveau,moyenne,,coupure_non_signalee,Coupure non signalée,-0.5,Tunis,El Menzah,urbain,36.84593,10.19891,30,tn_latin,app_mobile,"Billehi el ma me9tou3 mel bare7 f el menzah w hata wa7ed ma 3'awedhna 3likom, chnowa el 7keya?"
PL-00093_AUG,2025-08-25,nouveau,haute,,qualite_eau,Qualité de l'eau (goût/odeur/couleur),-0.52,Sousse,Sousse Ville,urbain,35.8402,10.63354,25,ar,agence_locale,الرجاء التدخل، الماء الذي يخرج من الصنبور في Sousse Ville له رائحة كبريت وطعم سيء منذ أيام.
PL-00301_AUG,2025-08-25,en_cours,haute,,qualite_eau,Qualité de l'eau (goût/odeur/couleur),-0.66,Kairouan,Haffouz,mixte,35.72604,10.07476,44,ar,app_mobile,أبلغ عن ماء عكر وأصفر اللون هذا الصباح في Haffouz، لا يمكن شربه أو الطبخ به.
PL-00067_AUG,2025-08-24,resolu,moyenne,11.0,retard_intervention,Retard ou absence d'intervention technique,-0.24,Kasserine,Fériana,rural,35.17069,8.87785,50,fr,app_mobile,"Je signale que plusieurs appels au numéro vert sans résultat, 10 jours sans intervention à fériana."
PL-00030_AUG,2025-08-23,nouveau,faible,,felicitation,Retour positif / félicitation,0.75,Kasserine,Sbeitla,rural,35.13234,8.79112,50,tn_latin,numero_vert,"Belehi barakallahoufik lel équipe f sbeitla, jaw ysal7ou fi wa9tha had marra."
PL-00061_AUG,2025-08-23,resolu,haute,14.0,panne_pompage,Panne de pompage / coupure électrique liée,-0.56,Tozeur,Degache,rural,33.9077,8.11517,46,tn_latin,agence_locale,"Belehi fama panne fel mahatta ta3 pompage f degache 3la khater el kahraba, ma famech ma mel 5 jours."
PL-00130_AUG,2025-08-23,nouveau,moyenne,,qualite_eau,Qualité de l'eau (goût/odeur/couleur),-0.36,Tunis,El Menzah,urbain,36.84935,10.165,30,tn_latin,app_mobile,"Choufouna hal el ma yji asfar w m3aker f el menzah, ki fama moshkil fel قنوات."
PL-00277_AUG,2025-08-21,nouveau,critique,,qualite_eau,Qualité de l'eau (goût/odeur/couleur),-0.73,Gabès,Mareth,mixte,33.92877,10.07049,38,tn_latin,reseaux_sociaux,"Aman el ma yji asfar w m3aker f mareth, ki fama moshkil fel قنوات."
PL-00071_AUG,2025-08-21,nouveau,moyenne,,fuite_visible,Fuite visible sur canalisation,-0.44,Kasserine,Fériana,rural,35.12754,8.85507,50,tn_arabe,reseaux_sociaux,أبلغ عن كاين فويت كبيرة في القناة الرئيسية في Fériana على خاطر 2 jours، حتى حد ما جا.
PL-00305_AUG,2025-08-20,en_cours,haute,,coupure_non_signalee,Coupure non signalée,-0.46,Kairouan,Haffouz,mixte,35.68077,10.06336,44,ar,app_mobile,مشكلة: لا توجد مياه في الصنبور منذ الصباح في Haffouz، Kairouan. لا معلومات على الإطلاق.
PL-00300_AUG,2025-08-19,nouveau,haute,,qualite_eau,Qualité de l'eau (goût/odeur/couleur),-0.47,Ben Arous,Hammam Lif,urbain,36.75095,10.24119,35,ar,app_mobile,عاجل: ماء عكر وأصفر اللون هذا الصباح في Hammam Lif، لا يمكن شربه أو الطبخ به.
PL-00187_AUG,2025-08-19,resolu,moyenne,7.0,pression_faible,Pression insuffisante,-0.48,Kairouan,Hajeb El Ayoun,mixte,35.67046,10.08653,44,ar,agence_locale,أبلغ عن ضغط الماء ضعيف جدا في Hajeb El Ayoun، خاصة في المساء، من الصعب ملء الخزانات.
PL-00270_AUG,2025-08-19,en_cours,moyenne,,pression_faible,Pression insuffisante,-0.44,Kasserine,Thala,rural,35.21275,8.82221,50,fr,app_mobile,"Svp, pression très basse depuis une semaine à thala, les étages supérieurs n'ont presque plus d'eau."
PL-00314_AUG,2025-08-18,rejete,haute,,retard_intervention,Retard ou absence d'intervention technique,-0.65,Tataouine,Remada,rural,32.94854,10.4173,48,fr,numero_vert,"Svp, plusieurs appels au numéro vert sans résultat, 2 jours sans intervention à remada."
PL-00288_AUG,2025-08-17,resolu,haute,9.0,panne_pompage,Panne de pompage / coupure électrique liée,-0.75,Nabeul,Grombalia,mixte,36.4675,10.7397,27,tn_latin,reseaux_sociaux,"Belehi fama panne fel mahatta ta3 pompage f grombalia 3la khater el kahraba, ma famech ma mel 48 heures."
PL-00073_AUG,2025-08-14,nouveau,moyenne,,retard_intervention,Retard ou absence d'intervention technique,-0.26,Tunis,Bab Bhar,urbain,36.85525,10.18552,30,fr,app_mobile,Problème: j'ai signalé le problème il y a 3 jours et toujours aucune intervention de la sonede à bab bhar.
PL-00080_AUG,2025-08-13,en_cours,critique,,panne_pompage,Panne de pompage / coupure électrique liée,-0.72,Sousse,Sousse Ville,urbain,35.8365,10.65698,25,fr,app_mobile,"Urgent: la station de sousse ville semble en panne, aucune eau ne circule dans le quartier depuis 48 heures."
PL-00170_AUG,2025-08-13,en_cours,moyenne,,pression_faible,Pression insuffisante,-0.3,Kairouan,Kairouan Nord,mixte,35.66289,10.13085,44,tn_latin,app_mobile,"Belehi dghet el ma d3if barcha f kairouan nord, el twabe9 el fou9ania ma3andhomch ma."
PL-00100_AUG,2025-08-12,en_cours,moyenne,,fuite_visible,Fuite visible sur canalisation,-0.37,Kairouan,Hajeb El Ayoun,mixte,35.63438,10.12997,44,ar,app_mobile,عاجل: تسرب مياه كبير وواضح في الأنبوب الرئيسي في Hajeb El Ayoun منذ 48 heures، لم يتدخل أحد بعد.
PL-00250_AUG,2025-08-11,en_cours,critique,,coupure_non_signalee,Coupure non signalée,-0.97,Tunis,Le Bardo,urbain,36.82671,10.13608,30,fr,app_mobile,Je signale que deuxième coupure cette semaine à le bardo sans préavis. c'est devenu insupportable pour les familles.
PL-00274_AUG,2025-08-11,resolu,moyenne,3.0,qualite_eau,Qualité de l'eau (goût/odeur/couleur),-0.21,Tunis,El Omrane,urbain,36.80661,10.14056,30,fr,numero_vert,Urgent: l'eau qui sort du robinet à el omrane a une odeur de soufre et un goût désagréable depuis quelques jours.
PL-00179_AUG,2025-08-10,en_cours,haute,,panne_pompage,Panne de pompage / coupure électrique liée,-0.49,Tataouine,Remada,rural,32.95853,10.49122,48,fr,app_mobile,"Urgent: la station de remada semble en panne, aucune eau ne circule dans le quartier depuis 2 jours."
PL-00032_AUG,2025-08-09,nouveau,moyenne,,qualite_eau,Qualité de l'eau (goût/odeur/couleur),-0.37,Mahdia,Bou Merdes,mixte,35.48643,11.08773,30,tn_latin,reseaux_sociaux,"Belehi el ma yji asfar w m3aker f bou merdes, ki fama moshkil fel قنوات."
PL-00123_AUG,2025-08-07,en_cours,haute,,qualite_eau,Qualité de l'eau (goût/odeur/couleur),-0.57,Monastir,Monastir Ville,urbain,35.73338,10.8054,24,ar,reseaux_sociaux,الرجاء التدخل، الماء الذي يخرج من الصنبور في Monastir Ville له رائحة كبريت وطعم سيء منذ أيام.
PL-00167_AUG,2025-08-06,resolu,critique,6.0,qualite_eau,Qualité de l'eau (goût/odeur/couleur),-0.81,Sfax,Sfax Médina,urbain,34.73442,10.77998,40,ar,app_mobile,السلام عليكم، الماء الذي يخرج من الصنبور في Sfax Médina له رائحة كبريت وطعم سيء منذ أيام.
PL-00055_AUG,2025-08-06,nouveau,haute,,panne_pompage,Panne de pompage / coupure électrique liée,-0.71,Médenine,Médenine Nord,mixte,33.32366,10.49168,42,tn_latin,reseaux_sociaux,"Choufouna hal fama panne fel mahatta ta3 pompage f médenine nord 3la khater el kahraba, ma famech ma mel 3 jours."
PL-00110_AUG,2025-08-06,en_cours,haute,,coupure_non_signalee,Coupure non signalée,-0.58,Kairouan,Sbikha,mixte,35.67898,10.05844,44,fr,agence_locale,"Problème: aucune eau au robinet depuis ce matin à sbikha, kairouan. rien sur les réseaux sociaux, aucune information."
PL-00244_AUG,2025-08-06,resolu,haute,8.0,coupure_non_signalee,Coupure non signalée,-0.54,Ariana,Kalâat el-Andalous,urbain,36.89273,10.21344,28,ar,agence_locale,السلام عليكم، لا توجد مياه في الصنبور منذ الصباح في Kalâat el-Andalous، Ariana. لا معلومات على الإطلاق.
PL-00299_AUG,2025-08-06,en_cours,haute,,qualite_eau,Qualité de l'eau (goût/odeur/couleur),-0.66,Kasserine,Sbeitla,rural,35.1649,8.78747,50,fr,app_mobile,"Je signale que depuis la vague de chaleur, l'eau à sbeitla a un goût chimique très fort."
PL-00069_AUG,2025-08-05,resolu,haute,7.0,coupure_non_signalee,Coupure non signalée,-0.71,Kairouan,Sbikha,mixte,35.71963,10.06844,44,tn_latin,app_mobile,"Urgent 3andi 3 ayem el ma me9tou3 f sbikha, kairouan, w ma7ad y3awedli."
PL-00177_AUG,2025-08-03,resolu,haute,12.0,coupure_non_signalee,Coupure non signalée,-0.67,Médenine,Zarzis,mixte,33.36768,10.49302,42,tn_latin,app_mobile,"Belehi el ma me9tou3 mel bare7 f zarzis w hata wa7ed ma 3'awedhna 3likom, chnowa el 7keya?"
PL-00260_AUG,2025-08-03,nouveau,haute,,pression_faible,Pression insuffisante,-0.58,Médenine,Djerba Houmt Souk,mixte,33.30889,10.54836,42,tn_latin,numero_vert,"Choufouna hal dghet el ma d3if barcha f djerba houmt souk, el twabe9 el fou9ania ma3andhomch ma."
PL-00103_AUG,2025-08-03,resolu,moyenne,7.0,fuite_visible,Fuite visible sur canalisation,-0.27,Zaghouan,Bir Mcherga,mixte,36.39262,10.17404,33,fr,app_mobile,"Bonjour, grosse fuite d'eau visible sur la canalisation principale à bir mcherga depuis une semaine, personne n'est intervenu."
PL-00136_AUG,2025-08-02,nouveau,moyenne,,pression_faible,Pression insuffisante,-0.5,Gabès,Mareth,mixte,33.88789,10.10408,38,ar,app_mobile,الرجاء التدخل، ضغط الماء ضعيف جدا في Mareth، خاصة في المساء، من الصعب ملء الخزانات.
PL-00017_AUG,2025-08-01,resolu,haute,10.0,coupure_non_signalee,Coupure non signalée,-0.57,Ben Arous,Mornag,urbain,36.75359,10.26347,35,tn_arabe,app_mobile,عاجل: الماء مقطوع من البارح في Mornag وحتى واحد ما عوضناش عليكم، شنوة الحكاية؟
PL-00072_AUG,2025-08-01,en_cours,moyenne,,felicitation,Retour positif / félicitation,0.72,Tataouine,Tataouine Nord,rural,32.88476,10.43515,48,tn_latin,reseaux_sociaux,"Billehi barakallahoufik lel équipe f tataouine nord, jaw ysal7ou fi wa9tha had marra."
PL-00002_AUG,2025-07-28,nouveau,moyenne,,retard_intervention,Retard ou absence d'intervention technique,-0.42,Tataouine,Remada,rural,32.90174,10.46073,48,fr,numero_vert,Je signale que j'ai signalé le problème il y a 48 heures et toujours aucune intervention de la sonede à remada.
PL-00121_AUG,2025-07-27,nouveau,moyenne,,fuite_visible,Fuite visible sur canalisation,-0.36,Mahdia,Bou Merdes,mixte,35.53896,11.07157,30,ar,app_mobile,أبلغ عن تسرب مياه كبير وواضح في الأنبوب الرئيسي في Bou Merdes منذ 48 heures، لم يتدخل أحد بعد.
PL-00210_AUG,2025-07-26,resolu,moyenne,1.0,pression_faible,Pression insuffisante,-0.44,Nabeul,Hammamet,mixte,36.44078,10.71955,27,tn_arabe,app_mobile,أبلغ عن ضغط الماء ضعيف برشا في Hammamet، الطوابق الفوقانية ما عندهمش ماء.
PL-00040_AUG,2025-07-25,resolu,haute,6.0,coupure_non_signalee,Coupure non signalée,-0.65,Tataouine,Tataouine Nord,rural,32.95932,10.45839,48,ar,reseaux_sociaux,أبلغ عن لا توجد مياه في الصنبور منذ الصباح في Tataouine Nord، Tataouine. لا معلومات على الإطلاق.
PL-00234_AUG,2025-07-25,nouveau,haute,,coupure_non_signalee,Coupure non signalée,-0.61,Kasserine,Sbeitla,rural,35.16656,8.86286,50,tn_latin,app_mobile,"Aman 3andi 3 ayem el ma me9tou3 f sbeitla, kasserine, w ma7ad y3awedli."
PL-00266_AUG,2025-07-25,en_cours,haute,,pression_faible,Pression insuffisante,-0.64,Ariana,Ariana Ville,urbain,36.86598,10.20974,28,tn_latin,app_mobile,"Aman dghet el ma d3if barcha f ariana ville, el twabe9 el fou9ania ma3andhomch ma."
PL-00293_AUG,2025-07-24,en_cours,faible,,pression_faible,Pression insuffisante,-0.11,Gabès,El Hamma,mixte,33.85633,10.0575,38,tn_latin,reseaux_sociaux,"Belehi dghet el ma d3if barcha f el hamma, el twabe9 el fou9ania ma3andhomch ma."
PL-00083_AUG,2025-07-24,resolu,moyenne,7.0,coupure_planifiee,Coupure annoncée / rationnement,-0.22,Tunis,El Omrane,urbain,36.80919,10.16234,30,tn_arabe,numero_vert,مشكلة: قالولنا الماء غادي يتقطع ساعتين برك في El Omrane وقطع نهار كامل!
PL-00315_AUG,2025-07-23,nouveau,faible,,fuite_visible,Fuite visible sur canalisation,-0.03,Kébili,Kébili Nord,rural,33.70318,8.95077,50,tn_latin,app_mobile,"Belehi kayen fuite kbira fel qanat el ra2isiya f kébili nord 3la khater 10 jours, hata 7ad ma ja."
PL-00096_AUG,2025-07-23,resolu,moyenne,9.0,retard_intervention,Retard ou absence d'intervention technique,-0.31,Sidi Bouzid,Menzel Bouzaiane,rural,35.04095,9.53153,47,tn_latin,numero_vert,Aman 3ayetlkom mel 10 jours w 7ata wa7ed ma ja y3addel el moshkil f menzel bouzaiane.
PL-00219_AUG,2025-07-22,en_cours,haute,,panne_pompage,Panne de pompage / coupure électrique liée,-0.71,Tunis,El Omrane,urbain,36.84822,10.13274,30,tn_latin,numero_vert,"Belehi fama panne fel mahatta ta3 pompage f el omrane 3la khater el kahraba, ma famech ma mel 2 jours."
PL-00050_AUG,2025-07-20,nouveau,moyenne,,pression_faible,Pression insuffisante,-0.43,Ben Arous,Rades,urbain,36.79569,10.25698,35,tn_latin,app_mobile,"Billehi dghet el ma d3if barcha f rades, el twabe9 el fou9ania ma3andhomch ma."
PL-00117_AUG,2025-07-17,resolu,moyenne,9.0,panne_pompage,Panne de pompage / coupure électrique liée,-0.36,Ariana,Raoued,urbain,36.89385,10.23898,28,fr,app_mobile,"Problème: panne à la station de pompage de raoued suite à une coupure steg, plus d'eau depuis 24 heures."
PL-00085_AUG,2025-07-16,resolu,critique,2.0,coupure_non_signalee,Coupure non signalée,-0.81,Tataouine,Remada,rural,32.95065,10.44357,48,fr,reseaux_sociaux,"Urgent: aucune eau au robinet depuis ce matin à remada, tataouine. rien sur les réseaux sociaux, aucune information."
PL-00128_AUG,2025-07-16,en_cours,faible,,facturation,Litige de facturation,-0.15,Mahdia,Mahdia Ville,mixte,35.49539,11.1057,30,ar,reseaux_sociaux,عاجل: فاتورة الماء تاعي في Mahdia Ville تضاعفت هذا الشهر بدون أي تفسير.
PL-00156_AUG,2025-07-14,resolu,faible,5.0,felicitation,Retour positif / félicitation,0.67,Ariana,Soukra,urbain,36.81546,10.17293,28,ar,numero_vert,الرجاء التدخل، شكرا للفريق الفني في Soukra على سرعة التدخل هذه المرة.
PL-00198_AUG,2025-07-13,nouveau,critique,,coupure_non_signalee,Coupure non signalée,-0.82,Kasserine,Fériana,rural,35.16393,8.87175,50,tn_latin,reseaux_sociaux,"Belehi 3andi 3 ayem el ma me9tou3 f fériana, kasserine, w ma7ad y3awedli."
PL-00060_AUG,2025-07-12,en_cours,moyenne,,facturation,Litige de facturation,-0.42,Ariana,Kalâat el-Andalous,urbain,36.81403,10.16002,28,tn_arabe,app_mobile,السلام عليكم، الفاتورة تاع الماء في Kalâat el-Andalous تضاعفت هاد الشهر بلا أي تفسير.
PL-00104_AUG,2025-07-11,resolu,faible,14.0,suggestion,Suggestion d'amélioration,0.11,Jendouba,Ghardimaou,rural,36.54056,8.76896,41,ar,numero_vert,السلام عليكم، سيكون من المفيد تركيز عدادات ذكية في Ghardimaou لاكتشاف التسربات بسرعة أكبر.
PL-00024_AUG,2025-07-11,en_cours,haute,,coupure_non_signalee,Coupure non signalée,-0.47,Jendouba,Bou Salem,rural,36.47778,8.80904,41,tn_arabe,reseaux_sociaux,عاجل: عندي 3 أيام الماء مقطوع في Bou Salem، Jendouba، وما حدش يعاودلي.
PL-00287_AUG,2025-07-11,nouveau,moyenne,,coupure_non_signalee,Coupure non signalée,-0.37,Kairouan,Kairouan Nord,mixte,35.64417,10.14276,44,fr,app_mobile,Urgent: coupure d'eau depuis 24 heures à kairouan nord sans aucune annonce de la sonede. on ne sait même pas quand ça reviendra.
PL-00132_AUG,2025-07-10,nouveau,haute,,qualite_eau,Qualité de l'eau (goût/odeur/couleur),-0.58,Médenine,Djerba Houmt Souk,mixte,33.30558,10.49386,42,fr,app_mobile,"Bonjour, eau trouble et jaunâtre au robinet ce matin à djerba houmt souk, impossible de la boire ou de cuisiner avec."
PL-00207_AUG,2025-07-10,nouveau,haute,,panne_pompage,Panne de pompage / coupure électrique liée,-0.64,Nabeul,Kelibia,mixte,36.41206,10.70237,27,fr,numero_vert,"Urgent: panne à la station de pompage de kelibia suite à une coupure steg, plus d'eau depuis 10 jours."
PL-00208_AUG,2025-07-10,resolu,haute,12.0,pression_faible,Pression insuffisante,-0.58,Sfax,Sakiet Ezzit,urbain,34.76384,10.75399,40,ar,numero_vert,الرجاء التدخل، ضغط الماء ضعيف جدا في Sakiet Ezzit، خاصة في المساء، من الصعب ملء الخزانات.
PL-00306_AUG,2025-07-10,en_cours,haute,,qualite_eau,Qualité de l'eau (goût/odeur/couleur),-0.66,Médenine,Ben Guerdane,mixte,33.35725,10.51945,42,ar,app_mobile,أبلغ عن الماء الذي يخرج من الصنبور في Ben Guerdane له رائحة كبريت وطعم سيء منذ أيام.
PL-00084_AUG,2025-07-10,en_cours,moyenne,,fuite_visible,Fuite visible sur canalisation,-0.28,Kasserine,Thala,rural,35.17086,8.80951,50,tn_latin,app_mobile,"Urgent kayen fuite kbira fel qanat el ra2isiya f thala 3la khater 2 jours, hata 7ad ma ja."
PL-00316_AUG,2025-07-10,en_cours,moyenne,,fuite_visible,Fuite visible sur canalisation,-0.24,Ariana,Soukra,urbain,36.86677,10.19461,28,ar,reseaux_sociaux,السلام عليكم، تسرب مياه كبير وواضح في الأنبوب الرئيسي في Soukra منذ 48 heures، لم يتدخل أحد بعد.
PL-00153_AUG,2025-07-09,en_cours,faible,,facturation,Litige de facturation,-0.04,Sidi Bouzid,Menzel Bouzaiane,rural,35.08593,9.53228,47,tn_arabe,app_mobile,مشكلة: الفاتورة تاع الماء في Menzel Bouzaiane تضاعفت هاد الشهر بلا أي تفسير.
PL-00014_AUG,2025-07-09,nouveau,moyenne,,retard_intervention,Retard ou absence d'intervention technique,-0.46,Nabeul,Nabeul Ville,mixte,36.41216,10.76042,27,fr,app_mobile,Je signale que j'ai signalé le problème il y a 3 jours et toujours aucune intervention de la sonede à nabeul ville.
PL-00172_AUG,2025-07-08,nouveau,haute,,fuite_visible,Fuite visible sur canalisation,-0.6,Gafsa,El Ksar,mixte,34.47138,8.78474,45,tn_latin,app_mobile,"Belehi kayen fuite kbira fel qanat el ra2isiya f el ksar 3la khater 48 heures, hata 7ad ma ja."
PL-00108_AUG,2025-07-08,en_cours,moyenne,,retard_intervention,Retard ou absence d'intervention technique,-0.23,Médenine,Ben Guerdane,mixte,33.39625,10.46728,42,tn_latin,app_mobile,Billehi 3ayetlkom mel 5 jours w 7ata wa7ed ma ja y3addel el moshkil f ben guerdane.
PL-00290_AUG,2025-07-08,en_cours,moyenne,,coupure_planifiee,Coupure annoncée / rationnement,-0.42,Tunis,Le Bardo,urbain,36.79125,10.21305,30,tn_arabe,app_mobile,عاجل: قالولنا الماء غادي يتقطع ساعتين برك في Le Bardo وقطع نهار كامل!
PL-00037_AUG,2025-07-06,rejete,critique,,qualite_eau,Qualité de l'eau (goût/odeur/couleur),-0.98,Sidi Bouzid,Regueb,rural,35.01603,9.53002,47,tn_latin,app_mobile,"Billehi el ma yji asfar w m3aker f regueb, ki fama moshkil fel قنوات."
PL-00010_AUG,2025-07-06,nouveau,faible,,retard_intervention,Retard ou absence d'intervention technique,0.03,Médenine,Médenine Nord,mixte,33.39781,10.54337,42,ar,app_mobile,السلام عليكم، بلغت عن المشكل منذ 3 jours وحتى الآن لا يوجد أي تدخل من الشركة في Médenine Nord.
PL-00190_AUG,2025-07-06,nouveau,haute,,retard_intervention,Retard ou absence d'intervention technique,-0.58,Tunis,El Menzah,urbain,36.83364,10.13444,30,fr,app_mobile,"Bonjour, j'ai signalé le problème il y a une semaine et toujours aucune intervention de la sonede à el menzah."
PL-00230_AUG,2025-07-05,nouveau,haute,,panne_pompage,Panne de pompage / coupure électrique liée,-0.66,Nabeul,Hammamet,mixte,36.44042,10.75894,27,tn_latin,numero_vert,"Belehi fama panne fel mahatta ta3 pompage f hammamet 3la khater el kahraba, ma famech ma mel 48 heures."
PL-00269_AUG,2025-07-04,en_cours,critique,,coupure_non_signalee,Coupure non signalée,-0.7,Gafsa,Gafsa Nord,mixte,34.43669,8.75947,45,tn_latin,numero_vert,"Billehi el ma me9tou3 mel bare7 f gafsa nord w hata wa7ed ma 3'awedhna 3likom, chnowa el 7keya?"
PL-00303_AUG,2025-07-03,nouveau,critique,,coupure_non_signalee,Coupure non signalée,-0.98,Tataouine,Remada,rural,32.9211,10.42019,48,tn_latin,app_mobile,"Aman 3andi 3 ayem el ma me9tou3 f remada, tataouine, w ma7ad y3awedli."
PL-00192_AUG,2025-07-03,nouveau,haute,,coupure_planifiee,Coupure annoncée / rationnement,-0.58,Béja,Testour,rural,36.74117,9.15415,39,tn_arabe,numero_vert,الرجاء التدخل، قالولنا الماء غادي يتقطع ساعتين برك في Testour وقطع نهار كامل!
PL-00317_AUG,2025-07-03,en_cours,haute,,pression_faible,Pression insuffisante,-0.64,Kébili,Souk Lahad,rural,33.69111,8.91917,50,ar,app_mobile,عاجل: ضغط الماء ضعيف جدا في Souk Lahad، خاصة في المساء، من الصعب ملء الخزانات.
PL-00231_AUG,2025-07-02,resolu,faible,14.0,pression_faible,Pression insuffisante,-0.12,Nabeul,Hammamet,mixte,36.50079,10.77756,27,fr,app_mobile,"Svp, la pression de l'eau est très faible à hammamet, surtout le soir, impossible de remplir les réservoirs."
PL-00016_AUG,2025-07-02,nouveau,moyenne,,retard_intervention,Retard ou absence d'intervention technique,-0.43,Médenine,Ben Guerdane,mixte,33.37456,10.52855,42,tn_latin,numero_vert,Choufouna hal 3ayetlkom mel 3 jours w 7ata wa7ed ma ja y3addel el moshkil f ben guerdane.
PL-00134_AUG,2025-07-02,nouveau,moyenne,,retard_intervention,Retard ou absence d'intervention technique,-0.29,Gabès,Mareth,mixte,33.90724,10.1284,38,tn_latin,numero_vert,Billehi 3ayetlkom mel 5 jours w 7ata wa7ed ma ja y3addel el moshkil f mareth.
PL-00068_AUG,2025-07-01,en_cours,critique,,coupure_non_signalee,Coupure non signalée,-0.8,Mahdia,Bou Merdes,mixte,35.49128,11.09127,30,ar,reseaux_sociaux,مشكلة: لا توجد مياه في الصنبور منذ الصباح في Bou Merdes، Mahdia. لا معلومات على الإطلاق.
PL-00048_AUG,2025-07-01,en_cours,moyenne,,coupure_planifiee,Coupure annoncée / rationnement,-0.32,Gafsa,El Ksar,mixte,34.43563,8.81327,45,ar,numero_vert,عاجل: تم الإعلان عن ترشيد المياه في El Ksar لكن التوقيت غير محترم، بقينا بدون ماء أكثر من المتوقع.
PL-00135_AUG,2025-06-29,nouveau,haute,,qualite_eau,Qualité de l'eau (goût/odeur/couleur),-0.58,Béja,Béja Nord,rural,36.73287,9.14669,39,ar,app_mobile,السلام عليكم، الماء الذي يخرج من الصنبور في Béja Nord له رائحة كبريت وطعم سيء منذ أيام.
PL-00257_AUG,2025-06-25,resolu,moyenne,7.0,fuite_visible,Fuite visible sur canalisation,-0.26,Kébili,Kébili Nord,rural,33.71601,8.98665,50,fr,numero_vert,"Je signale que une fuite inonde la rue à kébili nord, énorme gaspillage d'eau potable alors qu'on est en pénurie."
PL-00236_AUG,2025-06-24,resolu,critique,1.0,coupure_non_signalee,Coupure non signalée,-0.95,Gabès,El Hamma,mixte,33.87487,10.11688,38,tn_arabe,reseaux_sociaux,أبلغ عن عندي 3 أيام الماء مقطوع في El Hamma، Gabès، وما حدش يعاودلي.
PL-00164_AUG,2025-06-23,en_cours,critique,,qualite_eau,Qualité de l'eau (goût/odeur/couleur),-0.8,Gabès,Mareth,mixte,33.88586,10.12727,38,tn_arabe,numero_vert,مشكلة: الماء في Mareth ريحتو خايبة وطعمو غريب، خايفين نشربوه.
PL-00318_AUG,2025-06-23,nouveau,haute,,panne_pompage,Panne de pompage / coupure électrique liée,-0.65,Gabès,Mareth,mixte,33.85049,10.11652,38,fr,numero_vert,"Je signale que la station de mareth semble en panne, aucune eau ne circule dans le quartier depuis une semaine."
PL-00312_AUG,2025-06-22,en_cours,haute,,fuite_visible,Fuite visible sur canalisation,-0.66,Mahdia,Mahdia Ville,mixte,35.50078,11.0893,30,tn_arabe,numero_vert,عاجل: كاين فويت كبيرة في القناة الرئيسية في Mahdia Ville على خاطر 24 heures، حتى حد ما جا.
PL-00003_AUG,2025-06-22,en_cours,moyenne,,fuite_visible,Fuite visible sur canalisation,-0.25,Sfax,Thyna,urbain,34.77131,10.78327,40,tn_arabe,reseaux_sociaux,مشكلة: كاين فويت كبيرة في القناة الرئيسية في Thyna على خاطر 2 jours، حتى حد ما جا.
PL-00022_AUG,2025-06-21,nouveau,faible,,facturation,Litige de facturation,-0.12,Tataouine,Tataouine Nord,rural,32.88722,10.49011,48,ar,app_mobile,عاجل: فاتورة الماء تاعي في Tataouine Nord تضاعفت هذا الشهر بدون أي تفسير.
PL-00122_AUG,2025-06-19,en_cours,moyenne,,pression_faible,Pression insuffisante,-0.36,Tataouine,Tataouine Nord,rural,32.93939,10.42835,48,tn_arabe,numero_vert,أبلغ عن ضغط الماء ضعيف برشا في Tataouine Nord، الطوابق الفوقانية ما عندهمش ماء.
PL-00289_AUG,2025-06-18,en_cours,haute,,pression_faible,Pression insuffisante,-0.64,Sousse,Kalâa Kebira,urbain,35.843,10.62717,25,tn_arabe,numero_vert,أبلغ عن ضغط الماء ضعيف برشا في Kalâa Kebira، الطوابق الفوقانية ما عندهمش ماء.
PL-00012_AUG,2025-06-17,en_cours,haute,,qualite_eau,Qualité de l'eau (goût/odeur/couleur),-0.73,Sfax,Sfax Ouest,urbain,34.7027,10.73277,40,tn_latin,app_mobile,"Choufouna hal el ma f sfax ouest rihtou khayba w toumou ghrib, khayfin nchorbouh."
PL-00027_AUG,2025-06-14,resolu,faible,11.0,suggestion,Suggestion d'amélioration,0.1,Sousse,Msaken,urbain,35.81873,10.68609,25,tn_latin,app_mobile,Aman ya7sen ki tzidou capteurs f msaken bech na3rfou b sre3a fama fuite wela le.
PL-00077_AUG,2025-06-14,rejete,haute,,qualite_eau,Qualité de l'eau (goût/odeur/couleur),-0.67,Ariana,Raoued,urbain,36.85388,10.22834,28,tn_latin,numero_vert,"Belehi el ma yji asfar w m3aker f raoued, ki fama moshkil fel قنوات."
PL-00107_AUG,2025-06-14,nouveau,haute,,qualite_eau,Qualité de l'eau (goût/odeur/couleur),-0.66,Ben Arous,Rades,urbain,36.77121,10.27308,35,tn_latin,agence_locale,"Belehi el ma f rades rihtou khayba w toumou ghrib, khayfin nchorbouh."
PL-00097_AUG,2025-06-14,en_cours,moyenne,,qualite_eau,Qualité de l'eau (goût/odeur/couleur),-0.43,Tozeur,Nefta,rural,33.87809,8.09953,46,ar,app_mobile,السلام عليكم، ماء عكر وأصفر اللون هذا الصباح في Nefta، لا يمكن شربه أو الطبخ به.
PL-00099_AUG,2025-06-14,en_cours,moyenne,,coupure_non_signalee,Coupure non signalée,-0.32,Gafsa,El Ksar,mixte,34.41986,8.73473,45,fr,numero_vert,Problème: coupure d'eau depuis 5 jours à el ksar sans aucune annonce de la sonede. on ne sait même pas quand ça reviendra.
PL-00213_AUG,2025-06-13,resolu,critique,10.0,coupure_non_signalee,Coupure non signalée,-0.78,Ariana,Raoued,urbain,36.87323,10.18902,28,ar,app_mobile,أبلغ عن انقطاع المياه منذ 24 heures في Raoued دون أي إعلان مسبق من الشركة.
PL-00206_AUG,2025-06-11,en_cours,faible,,suggestion,Suggestion d'amélioration,-0.08,Tataouine,Ghomrassen,rural,32.96337,10.48284,48,ar,app_mobile,مشكلة: سيكون من المفيد تركيز عدادات ذكية في Ghomrassen لاكتشاف التسربات بسرعة أكبر.
PL-00038_AUG,2025-06-10,nouveau,critique,,coupure_non_signalee,Coupure non signalée,-0.83,Kairouan,Kairouan Nord,mixte,35.72306,10.06624,44,fr,numero_vert,Urgent: coupure d'eau depuis 24 heures à kairouan nord sans aucune annonce de la sonede. on ne sait même pas quand ça reviendra.
PL-00211_AUG,2025-06-10,en_cours,haute,,fuite_visible,Fuite visible sur canalisation,-0.51,Ariana,Kalâat el-Andalous,urbain,36.90941,10.23406,28,ar,numero_vert,مشكلة: تسرب مياه كبير وواضح في الأنبوب الرئيسي في Kalâat el-Andalous منذ 2 jours، لم يتدخل أحد بعد.
PL-00272_AUG,2025-06-10,en_cours,moyenne,,retard_intervention,Retard ou absence d'intervention technique,-0.28,Tunis,El Menzah,urbain,36.77408,10.19216,30,tn_arabe,numero_vert,السلام عليكم، عيطتلكم من 5 jours وحتى واحد ما جا يعدل المشكل في El Menzah.
PL-00168_AUG,2025-06-09,nouveau,haute,,coupure_non_signalee,Coupure non signalée,-0.57,Tataouine,Remada,rural,32.90289,10.4423,48,tn_latin,numero_vert,"Aman 3andi 3 ayem el ma me9tou3 f remada, tataouine, w ma7ad y3awedli."
PL-00296_AUG,2025-06-07,en_cours,faible,,fuite_visible,Fuite visible sur canalisation,-0.04,Ben Arous,Mornag,urbain,36.75113,10.23228,35,ar,numero_vert,مشكلة: تسرب مياه كبير وواضح في الأنبوب الرئيسي في Mornag منذ 24 heures، لم يتدخل أحد بعد.
PL-00180_AUG,2025-06-07,resolu,haute,8.0,coupure_non_signalee,Coupure non signalée,-0.66,Gafsa,Métlaoui,mixte,34.38433,8.77024,45,tn_latin,app_mobile,"Choufouna hal el ma me9tou3 mel bare7 f métlaoui w hata wa7ed ma 3'awedhna 3likom, chnowa el 7keya?"
PL-00255_AUG,2025-06-07,nouveau,haute,,fuite_visible,Fuite visible sur canalisation,-0.5,Sousse,Msaken,urbain,35.84664,10.66728,25,tn_latin,reseaux_sociaux,"Aman kayen fuite kbira fel qanat el ra2isiya f msaken 3la khater 48 heures, hata 7ad ma ja."
PL-00199_AUG,2025-06-05,en_cours,critique,,coupure_non_signalee,Coupure non signalée,-0.93,Gabès,El Hamma,mixte,33.85752,10.14727,38,ar,reseaux_sociaux,أبلغ عن لا توجد مياه في الصنبور منذ الصباح في El Hamma، Gabès. لا معلومات على الإطلاق.
PL-00131_AUG,2025-06-05,en_cours,haute,,coupure_planifiee,Coupure annoncée / rationnement,-0.56,Kairouan,Haffouz,mixte,35.62951,10.08001,44,tn_latin,app_mobile,Aman 9alolna el ma ghadi yet9ata3 sa3tin bark f haffouz w 9ta3 nhar kamel!
PL-00243_AUG,2025-06-04,en_cours,critique,,coupure_non_signalee,Coupure non signalée,-0.79,Tunis,El Menzah,urbain,36.79376,10.16577,30,ar,app_mobile,السلام عليكم، لا توجد مياه في الصنبور منذ الصباح في El Menzah، Tunis. لا معلومات على الإطلاق.
PL-00309_AUG,2025-06-04,en_cours,critique,,coupure_non_signalee,Coupure non signalée,-0.92,Kairouan,Sbikha,mixte,35.66939,10.13165,44,fr,app_mobile,"Bonjour, deuxième coupure cette semaine à sbikha sans préavis. c'est devenu insupportable pour les familles."
PL-00086_AUG,2025-06-04,nouveau,haute,,qualite_eau,Qualité de l'eau (goût/odeur/couleur),-0.6,Kasserine,Thala,rural,35.17,8.82608,50,ar,app_mobile,مشكلة: ماء عكر وأصفر اللون هذا الصباح في Thala، لا يمكن شربه أو الطبخ به.
PL-00127_AUG,2025-06-03,nouveau,moyenne,,fuite_visible,Fuite visible sur canalisation,-0.28,Gafsa,Gafsa Nord,mixte,34.39925,8.80118,45,tn_latin,numero_vert,"Billehi kayen fuite kbira fel qanat el ra2isiya f gafsa nord 3la khater 2 jours, hata 7ad ma ja."
PL-00313_AUG,2025-06-02,nouveau,haute,,coupure_non_signalee,Coupure non signalée,-0.62,Gabès,Gabès Ville,mixte,33.85683,10.11205,38,tn_arabe,numero_vert,أبلغ عن الماء مقطوع من البارح في Gabès Ville وحتى واحد ما عوضناش عليكم، شنوة الحكاية؟
PL-00102_AUG,2025-06-02,resolu,moyenne,6.0,retard_intervention,Retard ou absence d'intervention technique,-0.46,Sfax,Thyna,urbain,34.77195,10.72781,40,ar,reseaux_sociaux,عاجل: بلغت عن المشكل منذ 48 heures وحتى الآن لا يوجد أي تدخل من الشركة في Thyna.
PL-00009_AUG,2025-06-01,rejete,moyenne,,pression_faible,Pression insuffisante,-0.45,Tunis,Bab Bhar,urbain,36.80727,10.14214,30,tn_latin,reseaux_sociaux,"Urgent dghet el ma d3if barcha f bab bhar, el twabe9 el fou9ania ma3andhomch ma."
